-2.8563,13806
-2.76730000000006,13794
-2.67830000000012,13815
-2.58930000000017,13840
-2.49929999999639,13862
-2.41130000000029,13852
-2.32129999999651,13816
-2.23229999999657,13832
-2.14230000000006,13849
-2.05330000000012,13888
-1.96430000000017,13900
-1.87530000000023,13872
-1.78630000000029,13825
-1.69629999999651,13821
-1.60729999999657,13856
-1.51829999999662,13863
-1.42929999999668,13906
-1.33930000000017,13864
-1.25030000000023,13852
-1.16130000000029,13886
-1.07230000000035,13882
-0.983300000000408,13794
-0.894300000000466,13692
-0.804299999996682,13642
-0.71529999999674,13709
-0.626299999996799,13741
-0.536300000000291,13764
-0.448299999996915,13715
-0.358300000000408,13722
-0.269300000000466,13733
-0.179299999996682,13748
-0.0902999999967404,13802
-0.00129999999679864,13785
0.0877000000031432,13722
0.176700000003085,13695
0.266699999999592,13787
0.355699999999534,13730
0.444700000006752,13705
0.533700000006694,13748
0.622700000006636,13716
0.711700000006577,13740
0.800700000006519,13719
0.890700000003027,13699
0.979700000002969,13709
1.06870000000291,13777
1.15870000000669,13808
1.24770000000664,13730
1.33670000000658,13715
1.42670000000308,13767
1.51570000000303,13776
1.60470000000297,13806
1.69370000000291,13766
1.78370000000669,13755
1.87270000000664,13804
1.96170000000658,13769
2.05070000000652,13748
2.13970000000646,13796
2.2287000000064,13800
2.31870000000291,13772
2.40770000000285,13760
2.49670000000279,13759
2.58570000000274,13794
2.67570000000652,13804
2.76470000000646,13794
2.8537000000064,13834
2.94370000000291,13775
3.03270000000285,13718
3.12170000000279,13751
3.21070000000274,13794
3.29970000000268,13795
3.38870000000262,13754
3.4787000000064,13768
3.56770000000634,13773
3.65670000000629,13830
3.74670000000279,13831
3.83570000000274,13805
3.92470000000268,13829
4.01370000000262,13778
4.1037000000064,13726
4.19270000000634,13668
4.28170000000629,13613
4.37070000000623,13625
4.45970000000617,13689
4.54870000000611,13623
4.63870000000262,13656
4.72770000000256,13747
4.8167000000025,13718
4.90570000000244,13709
4.99470000000239,13733
5.08470000000617,13653
5.17370000000611,13596
5.26270000000605,13647
5.351700000006,13735
5.4417000000025,13722
5.53070000000244,13699
5.61870000000582,13689
5.70870000000233,13739
5.79870000000611,13784
5.88770000000605,13781
5.976700000006,13670
6.06570000000594,13678
6.15470000000588,13629
6.24370000000582,13577
6.33370000000233,13580
6.42270000000227,13572
6.51170000000221,13509
6.60070000000215,13478
6.69070000000594,13453
6.77970000000588,13433
6.86870000000582,13246
6.95870000000233,13115
7.04770000000227,13038
7.13670000000221,12952
7.22570000000215,12917
7.3147000000021,12854
7.40470000000588,12805
7.49370000000582,12819
7.58270000000576,12757
7.67270000000227,12771
7.76170000000221,12700
7.85070000000215,12640
7.9397000000021,12528
8.02870000000204,12544
8.11870000000582,12597
8.20670000000192,12519
8.2967000000057,12522
8.38670000000221,12495
8.47570000000215,12379
8.56470000000209,12368
8.65370000000204,12432
8.74370000000582,12467
8.83270000000576,12444
8.9217000000057,12423
9.01070000000565,12381
9.09970000000559,12376
9.18870000000553,12295
9.27870000000204,12101
9.36770000000198,11973
9.45670000000192,11855
9.54570000000186,11774
9.63570000000565,11692
9.72470000000559,11708
9.81370000000553,11680
9.90270000000547,11623
9.99270000000198,11577
10.0817000000019,11561
10.1707000000019,11551
10.2597000000018,11542
10.3487000000017,11554
10.4387000000055,11611
10.5277000000055,11625
10.6167000000054,11544
10.7057000000054,11502
10.7947000000053,11476
10.8837000000052,11516
10.9737000000017,11499
11.0627000000017,11478
11.1517000000016,11512
11.2407000000016,11512
11.3307000000054,11528
11.4197000000053,11550
11.5077000000014,11492
11.5987000000017,11520
11.6877000000017,11559
11.7767000000016,11500
11.8657000000016,11592
11.9557000000054,11589
12.0447000000053,11532
12.1337000000052,11545
12.2227000000052,11523
12.3127000000017,11525
12.4017000000016,11591
12.4907000000016,11611
12.5797000000015,11552
12.6677000000049,11502
12.7587000000052,11535
12.8477000000052,11568
12.9367000000051,11552
13.0257000000051,11563
13.114700000005,11588
13.2037000000049,11635
13.2927000000049,11596
13.3827000000014,11542
13.4717000000013,11532
13.5617000000051,11565
13.6507000000051,11528
13.739700000005,11538
13.8287000000049,11600
13.9187000000015,11586
14.0077000000014,11561
14.0967000000013,11607
14.1857000000013,11594
14.2747000000012,11576
14.364700000005,11564
14.4537000000049,11529
14.5427000000049,11491
14.6317000000048,11452
14.7217000000013,11505
14.8107000000013,11490
14.8997000000012,11492
14.9887000000012,11492
15.0777000000011,11478
15.1677000000049,11478
15.2567000000048,11460
15.3457000000048,11453
15.4347000000047,11487
15.5247000000012,11518
15.6137000000012,11519
15.7027000000011,11513
15.791700000001,11504
15.8817000000048,11516
15.9707000000048,11498
16.0597000000047,11503
16.1487000000047,11485
16.2377000000046,11526
16.3277000000011,11583
16.416700000001,11615
16.505700000001,11576
16.5947000000009,11628
16.6837000000009,11623
16.7727000000008,11679
16.8627000000046,11735
16.9517000000045,11887
17.041700000001,12114
17.130700000001,12258
17.2197000000009,12427
17.3077000000043,12744
17.3967000000042,12943
17.4877000000046,13153
17.5767000000045,13239
17.6657000000045,13274
17.7547000000044,13548
17.8437000000044,13747
17.9327000000043,13842
18.0227000000008,14002
18.1107000000042,14055
18.2007000000007,14046
18.2897000000006,14171
18.3797000000044,14187
18.4687000000044,14184
18.5577000000043,14352
18.6467000000042,14592
18.7367000000008,14687
18.8257000000007,14790
18.9147000000006,14860
19.0037000000006,14901
19.0927000000005,14966
19.1817000000005,15053
19.2717000000042,15250
19.3607000000042,15505
19.4497000000041,15691
19.5387000000041,15893
19.6287000000006,16015
19.7177000000005,16061
19.8067000000005,16050
19.8957000000004,16164
19.9857000000042,16203
20.0747000000041,16128
20.1637000000041,16107
20.252700000004,16160
20.3427000000005,16295
20.4317000000005,16548
20.5207000000004,16705
20.6097000000003,16797
20.6997000000041,16883
20.7887000000041,16926
20.877700000004,16983
20.966700000004,17124
21.0557000000039,17514
21.1457000000004,17655
21.2347000000003,17682
21.3237000000003,17705
21.4127000000002,17638
21.5017000000002,17622
21.5907000000001,17711
21.6807000000039,17704
21.7697000000038,17660
21.8597000000003,17551
21.9477000000037,17537
22.0377000000002,17536
22.1267000000002,17540
22.2157000000001,17529
22.3057000000039,17477
22.3947000000038,17511
22.4837000000038,17475
22.5727000000037,17508
22.6617000000037,17542
22.7517000000002,17521
22.8407000000001,17528
22.9297000000001,17547
23.0197000000038,17500
23.1087000000038,17413
23.1977000000037,17337
23.2867000000037,17265
23.3767000000002,17278
23.4657000000001,17209
23.5547000000001,17150
23.6437,17163
23.7326999999999,17193
23.8227000000037,17289
23.9117000000037,17315
24.0007000000036,17308
24.0897000000035,17287
24.1797000000001,17378
24.2687,17306
24.3576999999999,17225
24.4466999999999,17288
24.5356999999998,17272
24.6257000000036,17242
24.7136999999997,17269
24.8037000000035,17305
24.8937,17281
24.9826999999999,17316
25.0716999999999,17319
25.1606999999998,17309
25.2496999999998,17376
25.3397000000035,17375
25.4287000000035,17326
25.5177000000034,17270
25.6067000000034,17238
25.6957000000033,17242
25.7856999999998,17235
25.8746999999998,17306
25.9636999999997,17353
26.0517000000031,17296
26.1427000000034,17310
26.2317000000034,17296
26.3197000000068,17310
26.4097000000033,17323
26.4996999999998,17300
26.5886999999997,17277
26.6776999999996,17354
26.7666999999996,17332
26.8556999999995,17346
26.9457000000033,17396
27.0337000000067,17434
27.1227000000066,17526
27.2127000000031,17777
27.3026999999996,17992
27.3916999999996,18120
27.4806999999995,18370
27.5697000000068,18678
27.6587000000067,18893
27.7487000000032,19062
27.8377000000031,19082
27.9267000000031,19120
28.015700000003,19298
28.104700000003,19703
28.1947000000068,19933
28.2837000000067,19995
28.3727000000066,20011
28.4617000000066,20133
28.5517000000031,20206
28.640700000003,20174
28.729700000003,20174
28.8187000000029,20284
28.9087000000067,20521
28.9977000000066,20837
29.0867000000066,20993
29.1757000000065,21085
29.265700000003,21145
29.354700000003,21240
29.4437000000029,21326
29.5327000000029,21411
29.6227000000066,21710
29.7117000000066,22046
29.8007000000065,22212
29.8897000000065,22359
29.9787000000064,22347
30.0687000000029,22373
30.1577000000029,22392
30.2467000000028,22477
30.3357000000027,22511
30.4257000000065,22507
30.5147000000065,22695
30.6037000000064,22891
30.6927000000063,23063
30.7827000000029,23190
30.8707000000062,23255
30.9597000000062,23609
31.0497000000027,24043
31.1397000000065,24241
31.2287000000064,24312
31.3177000000063,24333
31.4067000000063,24425
31.4957000000062,24548
31.5857000000027,24517
31.6747000000027,24438
31.7637000000026,24384
31.8527000000026,24434
31.9417000000025,24451
32.0307000000024,24390
32.1207000000062,24346
32.2097000000062,24289
32.2977000000023,24327
32.3887000000026,24366
32.4777000000026,24420
32.5667000000025,24378
32.6557000000024,24337
32.7447000000024,24382
32.8347000000062,24335
32.9237000000061,24281
33.0127000000061,24327
33.101700000006,24380
33.1917000000025,24408
33.2807000000024,24366
33.3697000000024,24353
33.4587000000023,24385
33.5487000000061,24403
33.6377000000061,24445
33.726700000006,24388
33.8157000000059,24350
33.9047000000059,24372
33.9937000000058,24393
34.0827000000058,24400
34.1727000000023,24414
34.2617000000022,24409
34.3507000000022,24393
34.4397000000021,24415
34.5297000000059,24342
34.6187000000058,24333
34.7087000000023,24389
34.7977000000023,24372
34.8867000000022,24375
34.9757000000022,24383
35.0657000000059,24308
35.1547000000059,24327
35.2437000000058,24290
35.3327000000058,24329
35.4217000000057,24327
35.5107000000056,24347
35.5997000000056,24400
35.6897000000021,24385
35.778700000002,24372
35.8687000000058,24354
35.9577000000058,24320
36.0467000000057,24317
36.1357000000056,24299
36.2247000000056,24259
36.3137000000055,24364
36.4027000000055,24379
36.492700000002,24375
36.5827000000058,24390
36.6717000000057,24357
36.7607000000056,24330
36.8497000000056,24314
36.9387000000055,24345
37.028700000002,24400
37.117700000002,24417
37.2067000000019,24511
37.2957000000019,24599
37.3847000000018,24750
37.4737000000017,25064
37.5637000000055,25549
37.6527000000055,26074
37.742700000002,26290
37.8317000000019,26614
37.9207000000019,27103
38.0097000000018,27307
38.0987000000017,27412
38.1877000000017,27748
38.2777000000055,28238
38.3667000000054,28475
38.4557000000054,28586
38.5457000000019,28670
38.6347000000018,28973
38.7237000000017,29377
38.8127000000017,29547
38.9007000000051,29655
38.9907000000016,30125
39.0797000000015,30614
39.1697000000053,30787
39.2587000000052,30923
39.3477000000052,31014
39.4377000000017,31338
39.5257000000051,31739
39.6157000000016,31881
39.7047000000015,32018
39.7947000000053,32575
39.8837000000052,32943
39.9727000000052,33067
40.0627000000017,33220
40.1517000000016,33375
40.2407000000016,33820
40.3297000000015,34258
40.4187000000015,34443
40.5087000000052,34525
40.5977000000052,34608
40.6867000000051,34914
40.7757000000051,35265
40.864700000005,35453
40.9547000000015,35596
41.0437000000015,35934
41.1327000000014,36382
41.2217000000013,36610
41.3107000000013,36717
41.4007000000051,36805
41.489700000005,37206
41.578700000005,37630
41.6677000000049,37794
41.7577000000014,37998
41.8467000000013,38270
41.9357000000013,38640
42.0247000000012,38823
42.1137000000012,38932
42.203700000005,38899
42.2927000000049,38885
42.3817000000048,38920
42.4707000000048,38931
42.5607000000013,38936
42.6497000000012,38933
42.7377000000046,38854
42.8277000000011,38900
42.9177000000049,38899
43.0067000000048,38859
43.0957000000048,38770
43.1847000000047,38659
43.2737000000047,38512
43.3637000000012,38522
43.4517000000045,38506
43.5407000000045,38579
43.630700000001,38706
43.7207000000048,38650
43.8097000000047,38626
43.8987000000047,38645
43.9877000000046,38548
44.0767000000045,38527
44.1667000000011,38617
44.255700000001,38631
44.3447000000009,38619
44.4337000000009,38641
44.5227000000008,38641
44.6127000000046,38583
44.7007000000007,38561
44.7897000000006,38499
44.8797000000044,38552
44.9697000000009,38677
45.0587000000009,38605
45.1477000000008,38593
45.2367000000008,38629
45.3267000000045,38632
45.4157000000045,38493
45.5047000000044,38437
45.5937000000044,38538
45.6827000000043,38601
45.7727000000008,38620
45.8617000000008,38670
45.9507000000007,38721
46.0397000000006,38730
46.1297000000044,38693
46.2187000000044,38652
46.3077000000043,38587
46.3977000000008,38596
46.4867000000008,38647
46.5757000000007,38769
46.6647000000006,38711
46.7547000000044,38657
46.8437000000044,38657
46.9327000000043,38635
47.0217000000043,38607
47.1107000000042,38581
47.1997000000041,38624
47.2897000000006,38661
47.3787000000006,38584
47.4677000000005,38613
47.5577000000043,38672
47.6467000000043,38718
47.7357000000042,38895
47.8247000000041,39410
47.9137000000041,39987
48.002700000004,40550
48.091700000004,41003
48.1817000000005,41629
48.2707000000004,42165
48.3607000000042,42382
48.4497000000041,42821
48.5387000000041,43316
48.627700000004,43564
48.7177000000005,43960
48.8067000000005,44545
48.8957000000004,44819
48.9847000000004,45147
49.0737000000003,45608
49.1637000000041,45898
49.252700000004,46257
49.341700000004,46756
49.4307000000039,47033
49.5207000000004,47500
49.6097000000004,48000
49.6987000000003,48213
49.7877000000002,48536
49.8767000000002,48957
49.966700000004,49261
50.0557000000039,49700
50.1447000000038,50142
50.2337000000038,50391
50.3237000000003,50897
50.4127000000002,51321
50.5017000000002,51579
50.5907000000001,52147
50.6807000000039,52613
50.7697000000038,52856
50.8587000000038,53248
50.9477000000037,53752
51.0367000000037,53964
51.1267000000002,54213
51.2157000000001,54664
51.3047000000001,55009
51.3937,55319
51.4826999999999,55832
51.5716999999999,56144
51.6617000000037,56454
51.7507000000036,56978
51.8407000000001,57326
51.9297000000001,57691
52.0187,58267
52.1076999999999,58457
52.1966999999999,58704
52.2867000000037,59193
52.3757000000036,59403
52.4647000000036,59580
52.5537000000035,60098
52.6437,60530
52.7326999999999,60604
52.8216999999999,60550
52.9106999999998,60555
52.9996999999998,60546
53.0897000000036,60532
53.1787000000035,60486
53.2677000000034,60526
53.3567000000034,60502
53.4466999999999,60327
53.5356999999998,60164
53.6246999999998,60168
53.7136999999997,60200
53.8037000000035,60158
53.8927000000034,60148
53.9817000000034,60125
54.0707000000033,60093
54.1597000000033,60082
54.2496999999998,60136
54.3386999999997,60195
54.4276999999997,60147
54.5166999999996,60120
54.6067000000034,60056
54.6957000000033,60104
54.7847000000033,60138
54.8737000000032,60054
54.9627000000031,60071
55.0526999999997,60085
55.1416999999996,60057
55.2306999999995,60090
55.3197000000068,60069
55.4087000000067,60060
55.4987000000032,60096
55.5877000000031,60090
55.6767000000031,60083
55.765700000003,60097
55.8556999999995,60048
55.9447000000068,60012
56.0337000000067,60060
56.1227000000066,60143
56.2117000000066,60209
56.3017000000031,60196
56.390700000003,60137
56.479700000003,60112
56.5687000000029,60101
56.6587000000067,60081
56.7477000000066,60101
56.8367000000066,60120
56.9257000000065,60134
57.0147000000065,60193
57.104700000003,60277
57.1937000000029,60180
57.2827000000029,60078
57.3717000000028,60056
57.4607000000027,60079
57.5507000000065,60059
57.6397000000065,60121
57.7287000000064,60267
57.8177000000063,60286
57.9077000000029,60269
57.9967000000028,60283
58.0857000000027,60273
58.1747000000027,60379
58.2647000000065,60631
58.3537000000064,61052
58.4427000000063,61671
58.5317000000063,62173
58.6207000000062,62710
58.7097000000062,63097
58.7997000000027,63689
58.8887000000026,64041
58.9777000000026,64327
59.0677000000063,64941
59.1557000000024,65349
59.2457000000062,65573
59.3347000000062,65847
59.4237000000061,66178
59.5127000000061,66522
59.6027000000026,67040
59.6917000000025,67461
59.7807000000024,67744
59.8697000000024,68274
59.9597000000062,68573
60.0487000000061,68864
60.1377000000061,69483
60.226700000006,69801
60.3157000000059,69946
60.4047000000059,70397
60.4947000000024,70850
60.5837000000023,71116
60.6727000000023,71608
60.7617000000022,72035
60.851700000006,72305
60.9407000000059,72818
61.0297000000059,73229
61.1187000000058,73449
61.2077000000058,73844
61.2977000000023,74356
61.3867000000022,74599
61.4757000000022,74952
61.5647000000021,75551
61.6547000000059,75848
61.7437000000058,76309
61.8327000000058,76765
61.9217000000057,77007
62.0107000000056,77311
62.1007000000022,77770
62.1897000000021,78072
62.278700000002,78461
62.367700000002,79085
62.4577000000058,79359
62.5457000000019,79625
62.6357000000056,80264
62.7247000000056,80603
62.8137000000055,80683
62.903700000002,81051
62.992700000002,81564
63.0817000000019,81743
63.1717000000057,81928
63.2607000000056,81977
63.3497000000056,81858
63.4387000000055,81774
63.5277000000055,81747
63.6167000000054,81773
63.7057000000054,81770
63.7947000000053,81777
63.8857000000056,81714
63.9747000000056,81721
64.0637000000055,81741
64.1527000000055,81662
64.2417000000054,81700
64.3307000000054,81743
64.4187000000015,81603
64.5097000000018,81474
64.5987000000017,81474
64.6877000000017,81490
64.7777000000055,81535
64.8657000000016,81543
64.9557000000054,81585
65.0447000000053,81626
65.1337000000052,81608
65.2237000000017,81590
65.3127000000017,81552
65.4017000000016,81514
65.4907000000016,81490
65.5797000000015,81499
65.6697000000053,81536
65.7587000000052,81532
65.8477000000052,81549
65.9377000000017,81545
66.0267000000016,81562
66.1157000000016,81555
66.2047000000015,81581
66.2937000000015,81557
66.3837000000052,81455
66.4727000000052,81483
66.5617000000051,81475
66.6517000000016,81469
66.7407000000016,81565
66.8297000000015,81532
66.9187000000015,81603
67.0077000000014,81584
67.0967000000013,81565
67.1857000000013,81558
67.2757000000051,81471
67.364700000005,81476
67.4537000000049,81547
67.5427000000049,81540
67.6327000000014,81512
67.7217000000013,81508
67.8107000000013,81460
67.9007000000051,81544
67.989700000005,81561
68.0787000000049,81556
68.1677000000049,81581
68.2567000000048,81582
68.3467000000013,81611
68.4357000000013,81616
68.5247000000012,81631
68.6137000000012,82195
68.7027000000011,83534
68.7927000000049,85015
68.8817000000048,86493
68.9707000000048,88004
69.0597000000047,89378
69.1487000000047,90656
69.2377000000046,91956
69.3277000000011,93267
69.416700000001,94478
69.505700000001,95833
69.5957000000048,97222
69.6847000000047,98571
69.7737000000047,99833
69.8637000000012,100976
69.9537000000049,102191
70.0427000000049,103566
70.1317000000048,104679
70.2207000000048,105860
70.3107000000013,107240
70.3987000000047,108650
70.4887000000012,110014
70.5777000000011,111279
70.6677000000049,112608
70.7567000000048,113911
70.8457000000048,115072
70.9347000000047,116309
71.0237000000047,117611
71.1117000000008,118816
71.2027000000011,120084
71.291700000001,121265
71.380700000001,122639
71.4697000000009,123887
71.5587000000009,125133
71.6487000000047,126396
71.7377000000046,127668
71.8267000000045,129078
71.916700000001,130504
72.005700000001,131662
72.0947000000009,132908
72.1847000000047,134144
72.2737000000047,135437
72.3627000000046,136579
72.4517000000045,137856
72.5407000000045,139236
72.6297000000044,140564
72.7197000000009,141852
72.8087000000009,143207
72.8977000000008,144304
72.9877000000046,145474
73.0767000000045,146810
73.1657000000045,148268
73.2547000000044,149659
73.3447000000009,150834
73.4337000000009,151819
73.5227000000008,152320
73.6117000000008,152586
73.7017000000045,153055
73.7907000000045,153285
73.8797000000044,153261
73.9687000000044,153279
74.0577000000043,153354
74.1467000000042,153365
74.2367000000008,153362
74.3257000000007,153253
74.4147000000006,153066
74.5037000000006,153005
74.5927000000005,153060
74.6827000000043,153032
74.7717000000042,152954
74.8607000000042,152990
74.9507000000007,152954
75.0397000000006,152925
75.1287000000006,152861
75.2177000000005,152880
75.3067000000005,152938
75.3967000000042,152941
75.4857000000042,152932
75.5747000000041,152902
75.6647000000006,152894
75.7537000000006,152886
75.8427000000005,152891
75.9317000000005,152911
76.0207000000004,152899
76.1107000000042,152893
76.1997000000041,152883
76.2887000000041,152905
76.377700000004,152917
76.466700000004,152956
76.5557000000039,152935
76.6457000000004,152884
76.7347000000003,152868
76.8247000000041,152895
76.9137000000041,152945
77.002700000004,152934
77.091700000004,152822
77.1807000000039,152723
77.2707000000004,152809
77.3597000000003,152846
77.4487000000003,152841
77.5377000000002,152882
77.627700000004,153008
77.716700000004,153009
77.8047000000001,152952
77.8947000000038,152884
77.9837000000038,152804
78.0727000000037,152764
78.1617000000037,152816
78.2507000000036,152873
78.3407000000001,152971
78.4297000000001,152953
78.5197000000038,152827
78.6087000000038,152742
78.6977000000037,152811
78.7867000000037,152872
78.8767000000002,152913
78.9657000000001,153159
79.0547000000001,154043
79.1437,155772
79.2326999999999,158357
79.3216999999999,161304
79.4117000000037,164122
79.5007000000036,166880
79.5897000000035,169677
79.6797000000001,172522
79.7687,175187
79.8576999999999,177723
79.9466999999999,180282
80.0367000000037,182937
80.1257000000036,185493
80.2147000000035,187984
80.3037000000035,190568
80.3937,193050
80.4826999999999,195707
80.5716999999999,198359
80.6606999999998,201012
80.7496999999998,203501
80.8397000000035,206055
80.9287000000035,208670
81.0177000000034,211234
81.1067000000034,213863
81.1966999999999,216293
81.2856999999998,218832
81.3746999999998,221566
81.4636999999997,224124
81.5526999999996,226768
81.6427000000034,229412
81.7317000000034,231949
81.8207000000033,234432
81.9097000000033,236872
81.9987000000032,239234
82.0886999999997,241837
82.1776999999996,244753
82.2666999999996,247419
82.3567000000034,249898
82.4447000000067,252462
82.5337000000067,254949
82.6237000000032,257524
82.7127000000031,260076
82.8026999999996,262655
82.8916999999996,265224
82.9806999999995,267742
83.0707000000033,270190
83.1597000000033,272720
83.2487000000032,275257
83.3377000000031,277783
83.4267000000031,280351
83.515700000003,282963
83.6056999999995,285398
83.6937000000029,287933
83.7837000000067,290419
83.8727000000066,292787
83.9627000000031,294629
84.0517000000031,295678
84.140700000003,296116
84.229700000003,296454
84.3187000000029,296667
84.4077000000028,296726
84.4977000000066,296641
84.5867000000066,296609
84.6757000000065,296416
84.765700000003,296108
84.854700000003,295966
84.9437000000029,295951
85.0337000000067,295944
85.1227000000066,295918
85.2117000000066,295900
85.3007000000065,295868
85.390700000003,295783
85.479700000003,295663
85.5687000000029,295554
85.6577000000028,295608
85.7467000000028,295644
85.8367000000066,295631
85.9257000000065,295651
86.0147000000065,295655
86.1037000000064,295683
86.1927000000063,295667
86.2827000000028,295672
86.3717000000028,295691
86.4607000000027,295752
86.5497000000027,295770
86.6397000000065,295796
86.7287000000064,295726
86.8177000000063,295790
86.9067000000063,295840
86.9957000000062,295768
87.0857000000027,295747
87.1747000000027,295732
87.2637000000026,295783
87.3537000000064,295848
87.4427000000063,295787
87.5317000000063,295627
87.6207000000062,295555
87.7097000000062,295725
87.7997000000027,295847
87.8887000000026,295847
87.9777000000026,295734
88.0667000000025,295603
88.1557000000024,295546
88.2457000000062,295692
88.3347000000062,295834
88.4237000000061,295823
88.512700000006,295647
88.601700000006,295612
88.6907000000059,295699
88.7797000000059,295818
88.8697000000024,295816
88.9587000000023,295669
89.0487000000061,295616
89.137700000006,295722
89.226700000006,295802
89.3157000000059,295852
89.4047000000059,295969
89.4947000000024,297210
89.5837000000023,300176
89.6727000000023,304215
89.7617000000022,308568
89.851700000006,312823
89.9407000000059,316897
90.0297000000059,320877
90.1187000000058,324658
90.2077000000058,328568
90.2977000000023,332489
90.3867000000022,336300
90.4757000000021,339978
90.5647000000021,343614
90.6547000000059,347266
90.7437000000058,351072
90.8327000000058,355076
90.9217000000057,358980
91.0117000000022,362766
91.1007000000021,366570
91.1897000000021,370181
91.278700000002,373771
91.367700000002,377554
91.4577000000058,381439
91.5467000000057,385132
91.6357000000056,388902
91.7247000000056,392645
91.8137000000055,396451
91.903700000002,400313
91.992700000002,404200
92.0817000000019,407967
92.1707000000019,411710
92.2607000000056,415549
92.3497000000056,419262
92.4387000000055,423046
92.5277000000055,426752
92.6167000000054,430515
92.7057000000054,434352
92.7957000000019,438101
92.8847000000018,442069
92.9737000000017,446018
93.0627000000017,449894
93.1527000000055,453622
93.2417000000054,457430
93.3307000000054,461328
93.4197000000053,465184
93.5097000000018,468868
93.5987000000017,472539
93.6877000000017,476352
93.7767000000016,480235
93.8657000000016,484149
93.9547000000015,487916
94.0447000000053,491789
94.1337000000052,495685
94.2227000000052,499598
94.3127000000017,503141
94.4017000000016,506263
94.4907000000016,508524
94.5797000000015,509666
94.6687000000015,510029
94.7587000000052,510284
94.8477000000052,510448
94.9367000000051,510556
95.0257000000051,510695
95.114700000005,510759
95.2037000000049,510780
95.2937000000015,510709
95.3827000000014,510565
95.4727000000052,510551
95.5617000000051,510497
95.6507000000051,510463
95.739700000005,510378
95.8287000000049,510216
95.9177000000049,510099
96.0067000000048,509988
96.0967000000013,509978
96.1857000000013,509990
96.2747000000012,509916
96.3637000000012,509966
96.4527000000011,510045
96.5427000000049,510183
96.6317000000048,510272
96.7207000000048,510295
96.8107000000013,510178
96.8997000000012,510156
96.9887000000012,510203
97.0777000000011,510146
97.166700000001,510097
97.2567000000048,510056
97.3457000000048,510043
97.4347000000047,510013
97.5237000000047,509991
97.6127000000046,509998
97.7017000000045,509983
97.791700000001,510079
97.880700000001,510281
97.9697000000009,510293
98.0587000000009,510224
98.1487000000047,510163
98.2387000000012,510138
98.3277000000011,510071
98.416700000001,510061
98.505700000001,510142
98.5947000000009,510203
98.6837000000009,510154
98.7737000000047,510069
98.8627000000046,510083
98.9517000000045,510029
99.0407000000045,509998
99.1297000000044,510040
99.2187000000044,510006
99.3087000000009,510006
99.3977000000008,510030
99.4877000000046,510005
99.5767000000045,509976
99.6657000000045,510066
99.7547000000044,510245
99.8437000000044,510357
99.9327000000043,510761
100.022700000001,512330
100.111700000001,515134
100.200700000001,518817
100.289700000001,522753
100.378700000001,526772
100.467700000001,531017
100.557700000004,535198
100.646700000004,539003
100.735700000004,542939
100.825700000001,546785
100.914700000001,550685
101.003700000001,554717
101.092700000001,558621
101.1817,562334
101.2707,566130
101.360700000004,569888
101.449700000004,573775
101.539700000001,577825
101.628700000001,581635
101.717700000001,585441
101.8067,589199
101.8957,592899
101.9847,596795
102.0737,600811
102.1627,604605
102.2517,608362
102.341700000004,612102
102.4317,615945
102.5207,619855
102.6097,623798
102.6987,627683
102.7877,631475
102.877700000004,635278
102.966700000004,638997
103.055700000004,642834
103.144700000004,646817
103.233700000004,650620
103.322700000004,654232
103.4127,658073
103.5017,662030
103.5907,665845
103.680700000004,669828
103.769700000004,673711
103.858700000004,677595
103.947700000004,681375
104.036700000004,685104
104.1267,688787
104.2157,692595
104.3047,696621
104.3937,700501
104.483700000004,704331
104.572700000004,708069
104.661700000004,711852
104.750700000004,715654
104.8407,719392
104.9297,722389
105.017700000003,724260
105.1077,725193
105.1967,725506
105.286700000004,725556
105.375700000004,725427
105.464700000004,725407
105.553700000003,725336
105.6437,725142
105.7327,724983
105.8217,724968
105.9107,724943
105.9997,724854
106.089700000004,724770
106.178700000003,724766
106.267700000003,724791
106.356700000003,724731
106.4467,724682
106.5357,724658
106.6247,724660
106.7137,724591
106.8027,724595
106.8917,724631
106.981700000003,724597
107.070700000003,724596
107.159700000003,724613
107.248700000003,724619
107.3387,724624
107.4277,724668
107.5167,724646
107.6057,724583
107.695700000003,724620
107.784700000003,724665
107.873700000003,724632
107.962700000003,724623
108.051700000003,724687
108.140700000003,724642
108.2307,724595
108.318700000003,724632
108.408700000007,724699
108.497700000007,724755
108.586700000007,724681
108.676700000003,724649
108.765700000003,724681
108.854700000003,724683
108.944700000007,724730
109.033700000007,724783
109.122700000007,724725
109.211700000007,724719
109.300700000007,724749
109.389700000006,724726
109.479700000003,724695
109.568700000003,724728
109.657700000003,724788
109.746700000003,724817
109.835700000003,724781
109.925700000007,724740
110.014700000006,724768
110.104700000003,724781
110.193700000003,724773
110.282700000003,724770
110.371700000003,725064
110.460700000003,726047
110.550700000007,728238
110.639700000006,731125
110.728700000006,734297
110.817700000006,737548
110.906700000006,740828
110.995700000006,744102
111.085700000003,747119
111.174700000003,750059
111.263700000003,753143
111.352700000003,756228
111.442700000006,759257
111.530700000002,762164
111.620700000006,765379
111.709700000006,768437
111.799700000003,771468
111.888700000003,774465
111.977700000003,777473
112.066700000002,780394
112.155700000002,783368
112.244700000002,786325
112.334700000006,789396
112.423700000006,792620
112.512700000006,795567
112.602700000003,798462
112.691700000002,801338
112.780700000002,804461
112.869700000002,807364
112.958700000002,810305
113.047700000002,813416
113.136700000002,816501
113.226700000006,819433
113.315700000006,822534
113.404700000006,825458
113.494700000002,828367
113.583700000002,831333
113.672700000002,834312
113.762700000006,837238
113.851700000006,840211
113.940700000006,843253
114.029700000006,846276
114.118700000006,849275
114.207700000006,852122
114.297700000002,855128
114.386700000002,857983
114.475700000002,860823
114.564700000002,863788
114.654700000006,866835
114.743700000006,869893
114.832700000006,872804
114.921700000006,875790
115.011700000002,878644
115.100700000002,881547
115.189700000002,884461
115.278700000002,887229
115.368700000006,889724
115.456700000002,891544
115.546700000006,892717
115.635700000006,893076
115.724700000006,893088
115.814700000002,893096
115.903700000002,893105
115.992700000002,893160
116.081700000002,893165
116.170700000002,893198
116.260700000006,893230
116.349700000006,893101
116.437700000002,892936
116.527700000005,892847
116.617700000002,892780
116.706700000002,892796
116.795700000002,892755
116.884700000002,892720
116.974700000006,892708
117.063700000006,892800
117.152700000005,892953
117.241700000005,893063
117.330700000005,893096
117.419700000005,893007
117.509700000002,892912
117.598700000002,892842
117.687700000002,892858
117.776700000002,892876
117.865700000002,892824
117.955700000005,892763
118.045700000002,892724
118.134700000002,892755
118.223700000002,892978
118.312700000002,893089
118.401700000002,893018
118.490700000002,892967
118.580700000005,892894
118.669700000005,892836
118.758700000005,892839
118.847700000005,892844
118.937700000002,892797
119.026700000002,892807
119.115700000002,892787
119.204700000002,892808
119.293700000001,892794
119.382700000001,892805
119.472700000005,892824
119.561700000005,892854
119.650700000005,892910
119.739700000005,893015
119.829700000002,893002
119.918700000001,892994
120.007700000001,893050
120.096700000001,893022
120.185700000001,892944
120.275700000005,892906
120.364700000005,892902
120.453700000005,892886
120.542700000005,892862
120.631700000005,892820
120.721700000001,892844
120.810700000001,892983
120.899700000001,893581
120.988700000001,895269
121.078700000005,897861
121.167700000005,901037
121.256700000005,904493
121.345700000005,908126
121.435700000001,911687
121.524700000001,915230
121.613700000001,918788
121.702700000001,922436
121.791700000001,925899
121.880700000001,929100
121.969700000001,932529
122.058700000001,936044
122.148700000005,939489
122.237700000005,942970
122.327700000001,946410
122.416700000001,949756
122.505700000001,953180
122.594700000001,956775
122.683700000001,960203
122.773700000005,963473
122.862700000005,966904
122.951700000005,970292
123.040700000004,973592
123.130700000001,976849
123.219700000001,980269
123.308700000001,983861
123.397700000001,987284
123.486700000001,990623
123.575700000001,993981
123.665700000004,997290
123.755700000001,1000674
123.844700000001,1004211
123.933700000001,1007704
124.023700000005,1011167
124.112700000005,1014582
124.201700000005,1017833
124.291700000001,1021247
124.380700000001,1024614
124.469700000001,1027961
124.558700000001,1031510
124.648700000005,1034835
124.737700000005,1038193
124.826700000005,1041668
124.915700000004,1045001
125.005700000001,1048260
125.094700000001,1051588
125.183700000001,1055053
125.272700000001,1058587
125.362700000005,1061903
125.451700000005,1065372
125.540700000004,1068786
125.629700000004,1071976
125.718700000004,1075253
125.807700000004,1078447
125.897700000001,1080792
125.986700000001,1082436
126.075700000001,1083415
126.164700000001,1083668
126.253700000001,1083477
126.342700000001,1083337
126.432700000004,1083236
126.521700000004,1083145
126.610700000004,1083012
126.699700000004,1082833
126.789700000001,1082677
126.878700000001,1082567
126.967700000001,1082526
127.057700000004,1082465
127.146700000004,1082420
127.235700000004,1082408
127.324700000004,1082555
127.413700000004,1082974
127.502700000004,1083132
127.591700000004,1083020
127.6817,1082972
127.771700000004,1082905
127.860700000004,1082843
127.949700000004,1082777
128.038700000004,1082712
128.127700000004,1082755
128.216700000004,1082668
128.3067,1082575
128.3957,1082562
128.4847,1082554
128.5737,1082549
128.663700000004,1082559
128.752700000004,1082557
128.841700000004,1082556
128.9317,1082585
129.0207,1082575
129.1097,1082619
129.1987,1082623
129.2877,1082572
129.3767,1082623
129.466700000004,1082590
129.555700000004,1082647
129.644700000004,1083031
129.733700000004,1083374
129.822700000004,1083421
129.9127,1083335
130.0017,1083211
130.0907,1083239
130.180700000004,1083144
130.2687,1082918
130.358700000004,1082694
130.4487,1082609
130.5377,1082561
130.6267,1082561
130.7157,1082536
130.8047,1082634
130.894700000004,1082749
130.983700000004,1082790
131.072700000004,1082809
131.161700000004,1082777
131.250700000004,1082708
131.3407,1081831
131.4297,1076832
131.5187,1065843
131.6077,1050692
131.6967,1032996
131.786700000004,1014232
131.873700000003,995149
131.9637,975705
132.053700000003,956099
132.142700000003,936412
132.231700000003,916998
132.320700000003,897931
132.409700000003,879285
132.498700000003,860368
132.5887,840521
132.6777,819892
132.7667,798881
132.8557,778262
132.945700000003,758212
133.034700000003,738934
133.122700000007,720136
133.212700000003,701417
133.301700000003,682796
133.390700000003,664198
133.4807,645358
133.569700000007,626426
133.658700000007,607421
133.748700000003,588605
133.837700000003,569689
133.926700000003,550829
134.015700000003,531935
134.1057,513116
134.194700000007,494443
134.283700000007,475922
134.372700000007,457632
134.461700000007,439067
134.550700000007,420227
134.640700000003,401354
134.728700000006,382353
134.818700000003,363069
134.908700000007,343246
134.997700000007,323088
135.086700000007,302632
135.175700000007,281970
135.264700000006,261378
135.354700000003,240787
135.443700000003,220496
135.532700000003,200418
135.621700000003,181090
135.710700000003,162351
135.800700000007,143940
135.889700000006,125855
135.978700000006,107903
136.066700000002,90171
136.155700000002,73048
136.245700000006,56363
136.334700000006,41148
136.423700000006,29679
136.512700000006,21564
136.601700000006,17350
136.691700000002,15886
136.780700000002,15027
136.869700000002,14498
136.958700000002,14311
137.048700000006,14140
137.137700000006,14030
137.226700000006,14055
137.315700000006,14019
137.405700000002,13968
137.494700000002,13944
137.583700000002,13880
137.673700000006,13871
137.762700000006,13810
137.851700000006,13770
137.940700000006,13749
138.029700000006,13814
138.119700000002,13928
138.207700000006,13965
138.297700000002,13999
138.386700000002,14060
138.476700000006,14023
138.565700000006,13974
138.654700000006,14035
138.744700000002,14108
138.833700000002,14092
138.922700000002,14119
139.011700000002,14161
139.101700000006,14154
139.190700000006,14167
139.279700000006,14190
139.368700000006,14210
139.458700000002,14203
139.547700000002,14177
139.636700000002,14253
139.725700000002,14283
139.814700000002,14249
139.903700000002,14145
139.993700000006,13952
140.082700000006,13882
140.171700000006,13872
140.261700000002,13876
140.350700000002,13909
140.439700000002,13952
140.528700000002,13971
140.618700000006,13957
140.707700000006,13910
140.796700000006,13966
140.885700000006,13985
140.974700000006,14025
141.064700000002,14043
141.153700000002,14003
141.242700000002,13988
141.331700000002,13994
141.421700000006,13944
141.510700000006,14029
141.599700000006,14096
141.688700000006,14041
141.777700000005,13960
141.866700000005,14019
141.956700000002,14121
142.044700000005,14123
142.134700000002,14130
142.224700000006,14104
142.312700000002,14052
142.402700000005,14061
142.491700000005,14084
142.580700000005,14114
142.669700000005,14044
142.758700000005,14043
142.847700000005,14110
142.937700000002,14061
143.026700000002,14070
143.116700000005,14097
143.205700000005,14111
143.294700000005,14130
143.384700000002,14077
143.473700000002,14080
143.562700000002,14045
143.651700000002,13993
143.740700000002,14048
143.829700000002,14029
143.919700000005,14006
144.008700000005,14059
144.097700000005,14046
144.187700000002,13967
