14563.0,2022-03-11 12:06:39.969833
14594.0,2022-03-11 12:06:40.058894
14650.0,2022-03-11 12:06:40.148160
14604.0,2022-03-11 12:06:40.237251
14558.0,2022-03-11 12:06:40.326336
14590.0,2022-03-11 12:06:40.415089
14620.0,2022-03-11 12:06:40.504772
14594.0,2022-03-11 12:06:40.593993
14596.0,2022-03-11 12:06:40.682782
14552.0,2022-03-11 12:06:40.771803
14579.0,2022-03-11 12:06:40.860823
14586.0,2022-03-11 12:06:40.950844
14613.0,2022-03-11 12:06:41.039865
14629.0,2022-03-11 12:06:41.128885
14637.0,2022-03-11 12:06:41.218207
14689.0,2022-03-11 12:06:41.307393
14723.0,2022-03-11 12:06:41.396293
14705.0,2022-03-11 12:06:41.485308
14611.0,2022-03-11 12:06:41.574328
14577.0,2022-03-11 12:06:41.664005
14615.0,2022-03-11 12:06:41.753064
14635.0,2022-03-11 12:06:41.842600
14588.0,2022-03-11 12:06:41.931626
14603.0,2022-03-11 12:06:42.020966
14570.0,2022-03-11 12:06:42.109998
14582.0,2022-03-11 12:06:42.199130
14621.0,2022-03-11 12:06:42.288049
14650.0,2022-03-11 12:06:42.377069
14676.0,2022-03-11 12:06:42.466728
14626.0,2022-03-11 12:06:42.556006
14634.0,2022-03-11 12:06:42.645007
14646.0,2022-03-11 12:06:42.734025
14572.0,2022-03-11 12:06:42.823372
14576.0,2022-03-11 12:06:42.912080
14646.0,2022-03-11 12:06:43.001458
14608.0,2022-03-11 12:06:43.090483
14585.0,2022-03-11 12:06:43.179504
14635.0,2022-03-11 12:06:43.268524
14660.0,2022-03-11 12:06:43.358466
14644.0,2022-03-11 12:06:43.447577
14613.0,2022-03-11 12:06:43.536763
14618.0,2022-03-11 12:06:43.625784
14661.0,2022-03-11 12:06:43.714805
14681.0,2022-03-11 12:06:43.804293
14634.0,2022-03-11 12:06:43.893632
14606.0,2022-03-11 12:06:43.982630
14595.0,2022-03-11 12:06:44.071972
14557.0,2022-03-11 12:06:44.160805
14622.0,2022-03-11 12:06:44.249827
14653.0,2022-03-11 12:06:44.339022
14637.0,2022-03-11 12:06:44.428670
14597.0,2022-03-11 12:06:44.517077
14639.0,2022-03-11 12:06:44.607024
14608.0,2022-03-11 12:06:44.696109
14580.0,2022-03-11 12:06:44.785135
14600.0,2022-03-11 12:06:44.874090
14620.0,2022-03-11 12:06:44.963111
14657.0,2022-03-11 12:06:45.052132
14644.0,2022-03-11 12:06:45.142187
14634.0,2022-03-11 12:06:45.231227
14669.0,2022-03-11 12:06:45.320540
14609.0,2022-03-11 12:06:45.409579
14567.0,2022-03-11 12:06:45.498602
14583.0,2022-03-11 12:06:45.588094
14512.0,2022-03-11 12:06:45.677188
14546.0,2022-03-11 12:06:45.766248
14612.0,2022-03-11 12:06:45.855665
14631.0,2022-03-11 12:06:45.944720
14638.0,2022-03-11 12:06:46.033741
14589.0,2022-03-11 12:06:46.123129
14602.0,2022-03-11 12:06:46.211755
14593.0,2022-03-11 12:06:46.301461
14595.0,2022-03-11 12:06:46.390665
14639.0,2022-03-11 12:06:46.479491
14598.0,2022-03-11 12:06:46.568517
14518.0,2022-03-11 12:06:46.658049
14480.0,2022-03-11 12:06:46.747584
14566.0,2022-03-11 12:06:46.836607
14542.0,2022-03-11 12:06:46.925812
14530.0,2022-03-11 12:06:47.015035
14577.0,2022-03-11 12:06:47.104053
14542.0,2022-03-11 12:06:47.193378
14571.0,2022-03-11 12:06:47.282625
14579.0,2022-03-11 12:06:47.371728
14637.0,2022-03-11 12:06:47.460727
14632.0,2022-03-11 12:06:47.549354
14626.0,2022-03-11 12:06:47.639379
14592.0,2022-03-11 12:06:47.728401
14568.0,2022-03-11 12:06:47.817422
14540.0,2022-03-11 12:06:47.906904
14529.0,2022-03-11 12:06:47.996310
14580.0,2022-03-11 12:06:48.085348
14556.0,2022-03-11 12:06:48.174464
14485.0,2022-03-11 12:06:48.263399
14499.0,2022-03-11 12:06:48.352437
14524.0,2022-03-11 12:06:48.442044
14543.0,2022-03-11 12:06:48.530535
14574.0,2022-03-11 12:06:48.620549
14587.0,2022-03-11 12:06:48.709753
14575.0,2022-03-11 12:06:48.798782
14578.0,2022-03-11 12:06:48.887804
14583.0,2022-03-11 12:06:48.976830
14586.0,2022-03-11 12:06:49.066503
14602.0,2022-03-11 12:06:49.155525
14596.0,2022-03-11 12:06:49.244869
14625.0,2022-03-11 12:06:49.333912
14610.0,2022-03-11 12:06:49.422937
14545.0,2022-03-11 12:06:49.512069
14510.0,2022-03-11 12:06:49.601660
14563.0,2022-03-11 12:06:49.690740
14569.0,2022-03-11 12:06:49.779768
14574.0,2022-03-11 12:06:49.869069
14601.0,2022-03-11 12:06:49.957744
14590.0,2022-03-11 12:06:50.047429
14571.0,2022-03-11 12:06:50.136778
14572.0,2022-03-11 12:06:50.225854
14606.0,2022-03-11 12:06:50.315132
14566.0,2022-03-11 12:06:50.404170
14578.0,2022-03-11 12:06:50.493581
14650.0,2022-03-11 12:06:50.582628
14634.0,2022-03-11 12:06:50.671662
14619.0,2022-03-11 12:06:50.760839
14593.0,2022-03-11 12:06:50.850075
14606.0,2022-03-11 12:06:50.939468
14573.0,2022-03-11 12:06:51.028493
14530.0,2022-03-11 12:06:51.117538
14508.0,2022-03-11 12:06:51.206563
14478.0,2022-03-11 12:06:51.296162
14489.0,2022-03-11 12:06:51.385192
14558.0,2022-03-11 12:06:51.474592
14587.0,2022-03-11 12:06:51.563707
14559.0,2022-03-11 12:06:51.652647
14578.0,2022-03-11 12:06:51.742081
14545.0,2022-03-11 12:06:51.831419
14580.0,2022-03-11 12:06:51.920441
14563.0,2022-03-11 12:06:52.009789
14511.0,2022-03-11 12:06:52.098793
14525.0,2022-03-11 12:06:52.187817
14562.0,2022-03-11 12:06:52.276781
14546.0,2022-03-11 12:06:52.366337
14571.0,2022-03-11 12:06:52.455560
14538.0,2022-03-11 12:06:52.544630
14592.0,2022-03-11 12:06:52.633875
14623.0,2022-03-11 12:06:52.723069
14593.0,2022-03-11 12:06:52.811931
14559.0,2022-03-11 12:06:52.900974
14556.0,2022-03-11 12:06:52.990707
14580.0,2022-03-11 12:06:53.079741
14567.0,2022-03-11 12:06:53.169240
14529.0,2022-03-11 12:06:53.258283
14527.0,2022-03-11 12:06:53.347309
14548.0,2022-03-11 12:06:53.436336
14558.0,2022-03-11 12:06:53.525963
14568.0,2022-03-11 12:06:53.614894
14581.0,2022-03-11 12:06:53.703379
14597.0,2022-03-11 12:06:53.793336
14585.0,2022-03-11 12:06:53.882004
14567.0,2022-03-11 12:06:53.971400
14560.0,2022-03-11 12:06:54.060857
14534.0,2022-03-11 12:06:54.150247
14610.0,2022-03-11 12:06:54.239260
14642.0,2022-03-11 12:06:54.328520
14573.0,2022-03-11 12:06:54.417618
14551.0,2022-03-11 12:06:54.506879
14587.0,2022-03-11 12:06:54.595907
14587.0,2022-03-11 12:06:54.685237
14519.0,2022-03-11 12:06:54.774315
14535.0,2022-03-11 12:06:54.863417
14571.0,2022-03-11 12:06:54.952753
14589.0,2022-03-11 12:06:55.041798
14570.0,2022-03-11 12:06:55.130826
14552.0,2022-03-11 12:06:55.220278
14530.0,2022-03-11 12:06:55.309305
14541.0,2022-03-11 12:06:55.398648
14605.0,2022-03-11 12:06:55.487336
14594.0,2022-03-11 12:06:55.576838
14591.0,2022-03-11 12:06:55.665864
14612.0,2022-03-11 12:06:55.754886
14618.0,2022-03-11 12:06:55.844359
14636.0,2022-03-11 12:06:55.933530
14635.0,2022-03-11 12:06:56.022290
14639.0,2022-03-11 12:06:56.111897
14603.0,2022-03-11 12:06:56.200920
14583.0,2022-03-11 12:06:56.289947
14555.0,2022-03-11 12:06:56.379613
14611.0,2022-03-11 12:06:56.468110
14599.0,2022-03-11 12:06:56.557158
14594.0,2022-03-11 12:06:56.647146
14605.0,2022-03-11 12:06:56.736174
14617.0,2022-03-11 12:06:56.824984
14629.0,2022-03-11 12:06:56.914113
14639.0,2022-03-11 12:06:57.003792
14618.0,2022-03-11 12:06:57.092922
14590.0,2022-03-11 12:06:57.182098
14642.0,2022-03-11 12:06:57.271424
14624.0,2022-03-11 12:06:57.360453
14560.0,2022-03-11 12:06:57.449609
14566.0,2022-03-11 12:06:57.538962
14592.0,2022-03-11 12:06:57.628011
14614.0,2022-03-11 12:06:57.717036
14611.0,2022-03-11 12:06:57.806049
14637.0,2022-03-11 12:06:57.895074
14625.0,2022-03-11 12:06:57.984120
14601.0,2022-03-11 12:06:58.073123
14591.0,2022-03-11 12:06:58.163170
14660.0,2022-03-11 12:06:58.252176
14623.0,2022-03-11 12:06:58.341198
14623.0,2022-03-11 12:06:58.430223
14614.0,2022-03-11 12:06:58.519806
14635.0,2022-03-11 12:06:58.609069
14603.0,2022-03-11 12:06:58.698221
14639.0,2022-03-11 12:06:58.787404
14666.0,2022-03-11 12:06:58.876761
14571.0,2022-03-11 12:06:58.965804
14588.0,2022-03-11 12:06:59.054832
14639.0,2022-03-11 12:06:59.144113
14673.0,2022-03-11 12:06:59.233590
14737.0,2022-03-11 12:06:59.322675
15080.0,2022-03-11 12:06:59.411839
15450.0,2022-03-11 12:06:59.501043
15589.0,2022-03-11 12:06:59.589532
15630.0,2022-03-11 12:06:59.679563
15694.0,2022-03-11 12:06:59.768136
15863.0,2022-03-11 12:06:59.857814
15952.0,2022-03-11 12:06:59.947175
15994.0,2022-03-11 12:07:00.036218
16000.0,2022-03-11 12:07:00.125413
16049.0,2022-03-11 12:07:00.214450
16076.0,2022-03-11 12:07:00.303703
15931.0,2022-03-11 12:07:00.393030
15812.0,2022-03-11 12:07:00.482410
15742.0,2022-03-11 12:07:00.571435
15704.0,2022-03-11 12:07:00.660799
15738.0,2022-03-11 12:07:00.749922
15738.0,2022-03-11 12:07:00.838947
15773.0,2022-03-11 12:07:00.928403
15749.0,2022-03-11 12:07:01.017443
15717.0,2022-03-11 12:07:01.106590
15684.0,2022-03-11 12:07:01.195767
15674.0,2022-03-11 12:07:01.284595
15654.0,2022-03-11 12:07:01.374128
15671.0,2022-03-11 12:07:01.463141
15688.0,2022-03-11 12:07:01.552677
15668.0,2022-03-11 12:07:01.641709
15641.0,2022-03-11 12:07:01.730733
15635.0,2022-03-11 12:07:01.820295
15634.0,2022-03-11 12:07:01.909321
15640.0,2022-03-11 12:07:01.998452
15661.0,2022-03-11 12:07:02.087800
15689.0,2022-03-11 12:07:02.176828
15687.0,2022-03-11 12:07:02.265710
15700.0,2022-03-11 12:07:02.354710
15704.0,2022-03-11 12:07:02.443746
15661.0,2022-03-11 12:07:02.533787
15651.0,2022-03-11 12:07:02.622825
15682.0,2022-03-11 12:07:02.711662
15644.0,2022-03-11 12:07:02.801301
15550.0,2022-03-11 12:07:02.890323
15552.0,2022-03-11 12:07:02.979364
15601.0,2022-03-11 12:07:03.068388
15647.0,2022-03-11 12:07:03.157886
15627.0,2022-03-11 12:07:03.247134
15648.0,2022-03-11 12:07:03.336270
15682.0,2022-03-11 12:07:03.425443
15838.0,2022-03-11 12:07:03.514290
15956.0,2022-03-11 12:07:03.603311
16000.0,2022-03-11 12:07:03.692336
16126.0,2022-03-11 12:07:03.782253
16155.0,2022-03-11 12:07:03.871418
16195.0,2022-03-11 12:07:03.960784
16437.0,2022-03-11 12:07:04.049794
16662.0,2022-03-11 12:07:04.139174
16810.0,2022-03-11 12:07:04.228207
16837.0,2022-03-11 12:07:04.317223
16843.0,2022-03-11 12:07:04.406698
16941.0,2022-03-11 12:07:04.495691
17118.0,2022-03-11 12:07:04.584913
17502.0,2022-03-11 12:07:04.673981
17766.0,2022-03-11 12:07:04.762990
17891.0,2022-03-11 12:07:04.852163
17960.0,2022-03-11 12:07:04.941163
18111.0,2022-03-11 12:07:05.031021
18177.0,2022-03-11 12:07:05.120112
18178.0,2022-03-11 12:07:05.209248
18147.0,2022-03-11 12:07:05.298061
18156.0,2022-03-11 12:07:05.387598
18226.0,2022-03-11 12:07:05.476113
18306.0,2022-03-11 12:07:05.566125
18319.0,2022-03-11 12:07:05.655337
18306.0,2022-03-11 12:07:05.744365
18412.0,2022-03-11 12:07:05.833389
18766.0,2022-03-11 12:07:05.922616
19058.0,2022-03-11 12:07:06.011644
19196.0,2022-03-11 12:07:06.100672
19249.0,2022-03-11 12:07:06.190495
19226.0,2022-03-11 12:07:06.279549
19329.0,2022-03-11 12:07:06.368588
19361.0,2022-03-11 12:07:06.457611
19379.0,2022-03-11 12:07:06.546638
19386.0,2022-03-11 12:07:06.636257
19512.0,2022-03-11 12:07:06.725598
19916.0,2022-03-11 12:07:06.814675
20214.0,2022-03-11 12:07:06.903312
20314.0,2022-03-11 12:07:06.992366
20312.0,2022-03-11 12:07:07.082367
20374.0,2022-03-11 12:07:07.171429
20449.0,2022-03-11 12:07:07.260178
20496.0,2022-03-11 12:07:07.349993
20507.0,2022-03-11 12:07:07.439022
20511.0,2022-03-11 12:07:07.528372
20578.0,2022-03-11 12:07:07.617415
20631.0,2022-03-11 12:07:07.706436
20718.0,2022-03-11 12:07:07.795930
20981.0,2022-03-11 12:07:07.884917
21401.0,2022-03-11 12:07:07.974331
21562.0,2022-03-11 12:07:08.063355
21625.0,2022-03-11 12:07:08.152695
21601.0,2022-03-11 12:07:08.241436
21499.0,2022-03-11 12:07:08.330885
21473.0,2022-03-11 12:07:08.420080
21429.0,2022-03-11 12:07:08.509330
21383.0,2022-03-11 12:07:08.598447
21387.0,2022-03-11 12:07:08.687725
21405.0,2022-03-11 12:07:08.776774
21346.0,2022-03-11 12:07:08.866154
21348.0,2022-03-11 12:07:08.955179
21353.0,2022-03-11 12:07:09.044516
21358.0,2022-03-11 12:07:09.133545
21362.0,2022-03-11 12:07:09.222765
21311.0,2022-03-11 12:07:09.311804
21291.0,2022-03-11 12:07:09.400829
21336.0,2022-03-11 12:07:09.490442
21438.0,2022-03-11 12:07:09.579470
21627.0,2022-03-11 12:07:09.668494
21643.0,2022-03-11 12:07:09.757840
21583.0,2022-03-11 12:07:09.846881
21519.0,2022-03-11 12:07:09.935820
21487.0,2022-03-11 12:07:10.024848
21475.0,2022-03-11 12:07:10.114195
21486.0,2022-03-11 12:07:10.203858
21457.0,2022-03-11 12:07:10.292999
21431.0,2022-03-11 12:07:10.382025
21454.0,2022-03-11 12:07:10.471047
21419.0,2022-03-11 12:07:10.560564
21390.0,2022-03-11 12:07:10.649753
21432.0,2022-03-11 12:07:10.738922
21355.0,2022-03-11 12:07:10.828118
21302.0,2022-03-11 12:07:10.917145
21348.0,2022-03-11 12:07:11.006300
21462.0,2022-03-11 12:07:11.095518
21433.0,2022-03-11 12:07:11.184857
21345.0,2022-03-11 12:07:11.273935
21387.0,2022-03-11 12:07:11.363214
21416.0,2022-03-11 12:07:11.452312
21387.0,2022-03-11 12:07:11.541342
21388.0,2022-03-11 12:07:11.630619
21315.0,2022-03-11 12:07:11.719205
21341.0,2022-03-11 12:07:11.809162
21335.0,2022-03-11 12:07:11.898190
21302.0,2022-03-11 12:07:11.987209
21318.0,2022-03-11 12:07:12.076742
21392.0,2022-03-11 12:07:12.165764
21416.0,2022-03-11 12:07:12.254919
21413.0,2022-03-11 12:07:12.344215
21383.0,2022-03-11 12:07:12.433196
21397.0,2022-03-11 12:07:12.522652
21370.0,2022-03-11 12:07:12.611681
21374.0,2022-03-11 12:07:12.700721
21381.0,2022-03-11 12:07:12.789738
21362.0,2022-03-11 12:07:12.879212
21389.0,2022-03-11 12:07:12.967751
21376.0,2022-03-11 12:07:13.057748
21352.0,2022-03-11 12:07:13.146753
21371.0,2022-03-11 12:07:13.235792
21359.0,2022-03-11 12:07:13.325111
21372.0,2022-03-11 12:07:13.413805
21336.0,2022-03-11 12:07:13.503539
21341.0,2022-03-11 12:07:13.592801
21389.0,2022-03-11 12:07:13.681836
21490.0,2022-03-11 12:07:13.770854
21645.0,2022-03-11 12:07:13.859875
21679.0,2022-03-11 12:07:13.948896
21779.0,2022-03-11 12:07:14.037921
21891.0,2022-03-11 12:07:14.127937
21979.0,2022-03-11 12:07:14.216964
22170.0,2022-03-11 12:07:14.305803
22537.0,2022-03-11 12:07:14.394860
22848.0,2022-03-11 12:07:14.484696
22980.0,2022-03-11 12:07:14.573726
23033.0,2022-03-11 12:07:14.662681
23120.0,2022-03-11 12:07:14.751707
23214.0,2022-03-11 12:07:14.840746
23176.0,2022-03-11 12:07:14.930565
23219.0,2022-03-11 12:07:15.019228
23360.0,2022-03-11 12:07:15.108811
23376.0,2022-03-11 12:07:15.198166
23375.0,2022-03-11 12:07:15.287209
23638.0,2022-03-11 12:07:15.376228
24021.0,2022-03-11 12:07:15.465734
24167.0,2022-03-11 12:07:15.554760
24282.0,2022-03-11 12:07:15.644002
24321.0,2022-03-11 12:07:15.733246
24323.0,2022-03-11 12:07:15.822275
24343.0,2022-03-11 12:07:15.911231
24465.0,2022-03-11 12:07:16.000178
24803.0,2022-03-11 12:07:16.089200
25189.0,2022-03-11 12:07:16.178663
25370.0,2022-03-11 12:07:16.268365
25462.0,2022-03-11 12:07:16.357499
25529.0,2022-03-11 12:07:16.446524
25585.0,2022-03-11 12:07:16.535237
25601.0,2022-03-11 12:07:16.624262
25721.0,2022-03-11 12:07:16.714085
25791.0,2022-03-11 12:07:16.803486
25759.0,2022-03-11 12:07:16.892489
25831.0,2022-03-11 12:07:16.981733
26107.0,2022-03-11 12:07:17.070866
26526.0,2022-03-11 12:07:17.160215
26687.0,2022-03-11 12:07:17.249243
26743.0,2022-03-11 12:07:17.338271
26844.0,2022-03-11 12:07:17.427290
26975.0,2022-03-11 12:07:17.516949
27049.0,2022-03-11 12:07:17.606026
27024.0,2022-03-11 12:07:17.695129
27087.0,2022-03-11 12:07:17.783340
27103.0,2022-03-11 12:07:17.873178
27312.0,2022-03-11 12:07:17.962854
27777.0,2022-03-11 12:07:18.051868
27971.0,2022-03-11 12:07:18.141052
28064.0,2022-03-11 12:07:18.230246
28141.0,2022-03-11 12:07:18.319000
28196.0,2022-03-11 12:07:18.408606
28249.0,2022-03-11 12:07:18.497957
28333.0,2022-03-11 12:07:18.586293
28416.0,2022-03-11 12:07:18.676306
28412.0,2022-03-11 12:07:18.765507
28386.0,2022-03-11 12:07:18.854533
28398.0,2022-03-11 12:07:18.943558
28449.0,2022-03-11 12:07:19.032581
28464.0,2022-03-11 12:07:19.122119
28447.0,2022-03-11 12:07:19.211385
28470.0,2022-03-11 12:07:19.300364
28512.0,2022-03-11 12:07:19.389900
28469.0,2022-03-11 12:07:19.478882
28438.0,2022-03-11 12:07:19.567850
28455.0,2022-03-11 12:07:19.656872
28456.0,2022-03-11 12:07:19.746542
28487.0,2022-03-11 12:07:19.835651
28566.0,2022-03-11 12:07:19.924823
28568.0,2022-03-11 12:07:20.013902
28562.0,2022-03-11 12:07:20.102940
28527.0,2022-03-11 12:07:20.191678
28537.0,2022-03-11 12:07:20.281705
28548.0,2022-03-11 12:07:20.370865
28533.0,2022-03-11 12:07:20.459901
28572.0,2022-03-11 12:07:20.548969
28532.0,2022-03-11 12:07:20.637998
28466.0,2022-03-11 12:07:20.727030
28367.0,2022-03-11 12:07:20.816765
28328.0,2022-03-11 12:07:20.905847
28441.0,2022-03-11 12:07:20.995113
28584.0,2022-03-11 12:07:21.084128
28502.0,2022-03-11 12:07:21.173249
28374.0,2022-03-11 12:07:21.262272
28444.0,2022-03-11 12:07:21.351739
28591.0,2022-03-11 12:07:21.441016
28461.0,2022-03-11 12:07:21.530124
28380.0,2022-03-11 12:07:21.619249
28373.0,2022-03-11 12:07:21.708472
28362.0,2022-03-11 12:07:21.797518
28441.0,2022-03-11 12:07:21.886762
28512.0,2022-03-11 12:07:21.976112
28469.0,2022-03-11 12:07:22.065129
28357.0,2022-03-11 12:07:22.154270
28361.0,2022-03-11 12:07:22.243295
28475.0,2022-03-11 12:07:22.332324
28540.0,2022-03-11 12:07:22.421918
28412.0,2022-03-11 12:07:22.510273
28293.0,2022-03-11 12:07:22.600255
28481.0,2022-03-11 12:07:22.689537
28559.0,2022-03-11 12:07:22.778568
28461.0,2022-03-11 12:07:22.867595
28395.0,2022-03-11 12:07:22.956564
28330.0,2022-03-11 12:07:23.045602
28465.0,2022-03-11 12:07:23.135629
28567.0,2022-03-11 12:07:23.224468
28485.0,2022-03-11 12:07:23.313606
28381.0,2022-03-11 12:07:23.402993
28330.0,2022-03-11 12:07:23.492037
28370.0,2022-03-11 12:07:23.581184
28421.0,2022-03-11 12:07:23.670563
28476.0,2022-03-11 12:07:23.759591
28491.0,2022-03-11 12:07:23.848613
28501.0,2022-03-11 12:07:23.938086
28524.0,2022-03-11 12:07:24.027107
28529.0,2022-03-11 12:07:24.116285
28546.0,2022-03-11 12:07:24.205175
28572.0,2022-03-11 12:07:24.294283
28588.0,2022-03-11 12:07:24.383398
28749.0,2022-03-11 12:07:24.473248
29054.0,2022-03-11 12:07:24.562280
29279.0,2022-03-11 12:07:24.651296
29619.0,2022-03-11 12:07:24.740718
30190.0,2022-03-11 12:07:24.830094
30438.0,2022-03-11 12:07:24.919202
30593.0,2022-03-11 12:07:25.008343
31080.0,2022-03-11 12:07:25.097541
31514.0,2022-03-11 12:07:25.186292
31723.0,2022-03-11 12:07:25.275315
31780.0,2022-03-11 12:07:25.365341
31857.0,2022-03-11 12:07:25.453388
32335.0,2022-03-11 12:07:25.543622
32859.0,2022-03-11 12:07:25.632655
33069.0,2022-03-11 12:07:25.721695
33145.0,2022-03-11 12:07:25.811152
33193.0,2022-03-11 12:07:25.900543
33359.0,2022-03-11 12:07:25.989537
33791.0,2022-03-11 12:07:26.078879
34158.0,2022-03-11 12:07:26.167984
34342.0,2022-03-11 12:07:26.257112
34509.0,2022-03-11 12:07:26.346127
34935.0,2022-03-11 12:07:26.435625
35470.0,2022-03-11 12:07:26.524717
35628.0,2022-03-11 12:07:26.613751
35772.0,2022-03-11 12:07:26.703032
35890.0,2022-03-11 12:07:26.792272
36077.0,2022-03-11 12:07:26.880397
36522.0,2022-03-11 12:07:26.970333
36853.0,2022-03-11 12:07:27.059680
36953.0,2022-03-11 12:07:27.149107
37042.0,2022-03-11 12:07:27.237720
37319.0,2022-03-11 12:07:27.327312
37952.0,2022-03-11 12:07:27.416340
38263.0,2022-03-11 12:07:27.505651
38416.0,2022-03-11 12:07:27.594396
38442.0,2022-03-11 12:07:27.684005
38560.0,2022-03-11 12:07:27.772792
38969.0,2022-03-11 12:07:27.860822
39378.0,2022-03-11 12:07:27.950849
39556.0,2022-03-11 12:07:28.040878
39626.0,2022-03-11 12:07:28.129905
39683.0,2022-03-11 12:07:28.219070
40016.0,2022-03-11 12:07:28.308461
40502.0,2022-03-11 12:07:28.397486
40678.0,2022-03-11 12:07:28.486431
40820.0,2022-03-11 12:07:28.575400
41146.0,2022-03-11 12:07:28.664880
41689.0,2022-03-11 12:07:28.754091
41980.0,2022-03-11 12:07:28.843493
42178.0,2022-03-11 12:07:28.932518
42297.0,2022-03-11 12:07:29.021315
42260.0,2022-03-11 12:07:29.110341
42366.0,2022-03-11 12:07:29.199368
42926.0,2022-03-11 12:07:29.289301
43169.0,2022-03-11 12:07:29.378480
43047.0,2022-03-11 12:07:29.467511
42937.0,2022-03-11 12:07:29.556810
42954.0,2022-03-11 12:07:29.645840
42935.0,2022-03-11 12:07:29.734990
42926.0,2022-03-11 12:07:29.824165
42904.0,2022-03-11 12:07:29.913346
42870.0,2022-03-11 12:07:30.002174
42785.0,2022-03-11 12:07:30.091196
42757.0,2022-03-11 12:07:30.180220
42751.0,2022-03-11 12:07:30.270245
42755.0,2022-03-11 12:07:30.359242
42709.0,2022-03-11 12:07:30.448097
42779.0,2022-03-11 12:07:30.537135
42736.0,2022-03-11 12:07:30.626172
42719.0,2022-03-11 12:07:30.715917
42692.0,2022-03-11 12:07:30.804944
42662.0,2022-03-11 12:07:30.894220
42690.0,2022-03-11 12:07:30.983554
42713.0,2022-03-11 12:07:31.072608
42697.0,2022-03-11 12:07:31.161713
42746.0,2022-03-11 12:07:31.250635
42695.0,2022-03-11 12:07:31.339679
42675.0,2022-03-11 12:07:31.429166
42655.0,2022-03-11 12:07:31.518583
42596.0,2022-03-11 12:07:31.607609
42600.0,2022-03-11 12:07:31.696633
42610.0,2022-03-11 12:07:31.786117
42658.0,2022-03-11 12:07:31.875157
42570.0,2022-03-11 12:07:31.964186
42535.0,2022-03-11 12:07:32.053207
42630.0,2022-03-11 12:07:32.142333
42656.0,2022-03-11 12:07:32.231271
42624.0,2022-03-11 12:07:32.321006
42619.0,2022-03-11 12:07:32.410380
42611.0,2022-03-11 12:07:32.499391
42598.0,2022-03-11 12:07:32.588527
42622.0,2022-03-11 12:07:32.677456
42604.0,2022-03-11 12:07:32.766875
42599.0,2022-03-11 12:07:32.856214
42649.0,2022-03-11 12:07:32.945236
42604.0,2022-03-11 12:07:33.034259
42627.0,2022-03-11 12:07:33.123394
42623.0,2022-03-11 12:07:33.212421
42613.0,2022-03-11 12:07:33.302088
42600.0,2022-03-11 12:07:33.391111
42545.0,2022-03-11 12:07:33.480483
42608.0,2022-03-11 12:07:33.569544
42611.0,2022-03-11 12:07:33.658567
42606.0,2022-03-11 12:07:33.747845
42572.0,2022-03-11 12:07:33.837043
42576.0,2022-03-11 12:07:33.926047
42636.0,2022-03-11 12:07:34.015083
42614.0,2022-03-11 12:07:34.104633
42565.0,2022-03-11 12:07:34.193656
42577.0,2022-03-11 12:07:34.283002
42587.0,2022-03-11 12:07:34.372234
42555.0,2022-03-11 12:07:34.460046
42526.0,2022-03-11 12:07:34.550609
42614.0,2022-03-11 12:07:34.639118
42929.0,2022-03-11 12:07:34.729141
43232.0,2022-03-11 12:07:34.818157
43387.0,2022-03-11 12:07:34.907497
43832.0,2022-03-11 12:07:34.996489
44391.0,2022-03-11 12:07:35.085709
44650.0,2022-03-11 12:07:35.175045
45113.0,2022-03-11 12:07:35.264072
45619.0,2022-03-11 12:07:35.353101
45830.0,2022-03-11 12:07:35.442131
46195.0,2022-03-11 12:07:35.531157
46733.0,2022-03-11 12:07:35.620183
47015.0,2022-03-11 12:07:35.710168
47282.0,2022-03-11 12:07:35.799199
47978.0,2022-03-11 12:07:35.888217
48418.0,2022-03-11 12:07:35.977268
48601.0,2022-03-11 12:07:36.066924
49039.0,2022-03-11 12:07:36.155943
49569.0,2022-03-11 12:07:36.245137
49808.0,2022-03-11 12:07:36.334488
50146.0,2022-03-11 12:07:36.423470
50773.0,2022-03-11 12:07:36.512369
51052.0,2022-03-11 12:07:36.601408
51151.0,2022-03-11 12:07:36.691071
51660.0,2022-03-11 12:07:36.780266
52057.0,2022-03-11 12:07:36.869290
52326.0,2022-03-11 12:07:36.958315
52825.0,2022-03-11 12:07:37.047666
53343.0,2022-03-11 12:07:37.137163
53564.0,2022-03-11 12:07:37.226211
53948.0,2022-03-11 12:07:37.315386
54644.0,2022-03-11 12:07:37.404741
54972.0,2022-03-11 12:07:37.493831
55070.0,2022-03-11 12:07:37.582872
55453.0,2022-03-11 12:07:37.672138
55954.0,2022-03-11 12:07:37.760853
56260.0,2022-03-11 12:07:37.849875
56609.0,2022-03-11 12:07:37.939870
57110.0,2022-03-11 12:07:38.028900
57373.0,2022-03-11 12:07:38.118137
57687.0,2022-03-11 12:07:38.207257
58330.0,2022-03-11 12:07:38.296066
58718.0,2022-03-11 12:07:38.385774
58880.0,2022-03-11 12:07:38.474814
59230.0,2022-03-11 12:07:38.563999
59689.0,2022-03-11 12:07:38.653360
59987.0,2022-03-11 12:07:38.742357
60321.0,2022-03-11 12:07:38.831417
60914.0,2022-03-11 12:07:38.920443
61170.0,2022-03-11 12:07:39.009470
61507.0,2022-03-11 12:07:39.099321
62265.0,2022-03-11 12:07:39.188370
62497.0,2022-03-11 12:07:39.277490
62586.0,2022-03-11 12:07:39.366725
63058.0,2022-03-11 12:07:39.455908
63709.0,2022-03-11 12:07:39.545243
63845.0,2022-03-11 12:07:39.634524
63924.0,2022-03-11 12:07:39.723498
64062.0,2022-03-11 12:07:39.812520
64081.0,2022-03-11 12:07:39.901543
64069.0,2022-03-11 12:07:39.991073
64165.0,2022-03-11 12:07:40.080259
64152.0,2022-03-11 12:07:40.169383
64161.0,2022-03-11 12:07:40.258783
64227.0,2022-03-11 12:07:40.347814
64270.0,2022-03-11 12:07:40.436853
64240.0,2022-03-11 12:07:40.525902
64263.0,2022-03-11 12:07:40.615369
64279.0,2022-03-11 12:07:40.704698
64226.0,2022-03-11 12:07:40.793386
64289.0,2022-03-11 12:07:40.883062
64278.0,2022-03-11 12:07:40.972092
64280.0,2022-03-11 12:07:41.061113
64249.0,2022-03-11 12:07:41.150637
64281.0,2022-03-11 12:07:41.239388
64309.0,2022-03-11 12:07:41.328404
64328.0,2022-03-11 12:07:41.417428
64354.0,2022-03-11 12:07:41.506447
64318.0,2022-03-11 12:07:41.596475
64272.0,2022-03-11 12:07:41.685539
64138.0,2022-03-11 12:07:41.774709
64073.0,2022-03-11 12:07:41.863895
64057.0,2022-03-11 12:07:41.953242
64136.0,2022-03-11 12:07:42.042395
64216.0,2022-03-11 12:07:42.131437
64219.0,2022-03-11 12:07:42.220675
64153.0,2022-03-11 12:07:42.309523
64036.0,2022-03-11 12:07:42.399070
64039.0,2022-03-11 12:07:42.488486
64038.0,2022-03-11 12:07:42.577481
64139.0,2022-03-11 12:07:42.666534
64242.0,2022-03-11 12:07:42.755850
64243.0,2022-03-11 12:07:42.845026
64091.0,2022-03-11 12:07:42.934407
64127.0,2022-03-11 12:07:43.023386
64197.0,2022-03-11 12:07:43.112403
64248.0,2022-03-11 12:07:43.201817
64133.0,2022-03-11 12:07:43.290841
64024.0,2022-03-11 12:07:43.380271
64067.0,2022-03-11 12:07:43.469290
64158.0,2022-03-11 12:07:43.557317
64261.0,2022-03-11 12:07:43.647823
64169.0,2022-03-11 12:07:43.736856
64029.0,2022-03-11 12:07:43.825879
64092.0,2022-03-11 12:07:43.914901
64173.0,2022-03-11 12:07:44.003930
64257.0,2022-03-11 12:07:44.093245
64235.0,2022-03-11 12:07:44.182867
64099.0,2022-03-11 12:07:44.271896
64058.0,2022-03-11 12:07:44.360922
64122.0,2022-03-11 12:07:44.450244
64219.0,2022-03-11 12:07:44.538954
64232.0,2022-03-11 12:07:44.628601
64196.0,2022-03-11 12:07:44.717929
64062.0,2022-03-11 12:07:44.806960
63998.0,2022-03-11 12:07:44.895954
64168.0,2022-03-11 12:07:44.985299
64279.0,2022-03-11 12:07:45.072793
64269.0,2022-03-11 12:07:45.163814
64284.0,2022-03-11 12:07:45.252837
64277.0,2022-03-11 12:07:45.341858
64638.0,2022-03-11 12:07:45.430881
65019.0,2022-03-11 12:07:45.519902
65585.0,2022-03-11 12:07:45.609703
66149.0,2022-03-11 12:07:45.698747
66590.0,2022-03-11 12:07:45.787859
67233.0,2022-03-11 12:07:45.876988
67500.0,2022-03-11 12:07:45.966381
67769.0,2022-03-11 12:07:46.055214
68382.0,2022-03-11 12:07:46.144611
68729.0,2022-03-11 12:07:46.233798
68901.0,2022-03-11 12:07:46.323226
69313.0,2022-03-11 12:07:46.412335
69891.0,2022-03-11 12:07:46.501357
70125.0,2022-03-11 12:07:46.590378
70382.0,2022-03-11 12:07:46.679721
70932.0,2022-03-11 12:07:46.768425
71242.0,2022-03-11 12:07:46.858259
71497.0,2022-03-11 12:07:46.947280
72147.0,2022-03-11 12:07:47.036473
72591.0,2022-03-11 12:07:47.125835
72733.0,2022-03-11 12:07:47.214694
73068.0,2022-03-11 12:07:47.303724
73784.0,2022-03-11 12:07:47.392750
74096.0,2022-03-11 12:07:47.481770
74209.0,2022-03-11 12:07:47.571791
74587.0,2022-03-11 12:07:47.660816
75193.0,2022-03-11 12:07:47.749800
75405.0,2022-03-11 12:07:47.838642
75610.0,2022-03-11 12:07:47.928483
76230.0,2022-03-11 12:07:48.017604
76648.0,2022-03-11 12:07:48.106703
76770.0,2022-03-11 12:07:48.195658
77233.0,2022-03-11 12:07:48.284679
77844.0,2022-03-11 12:07:48.374268
78078.0,2022-03-11 12:07:48.463132
78280.0,2022-03-11 12:07:48.552161
78814.0,2022-03-11 12:07:48.641184
79118.0,2022-03-11 12:07:48.731206
79459.0,2022-03-11 12:07:48.820234
80174.0,2022-03-11 12:07:48.909258
80597.0,2022-03-11 12:07:48.998439
80766.0,2022-03-11 12:07:49.087298
81026.0,2022-03-11 12:07:49.177083
81558.0,2022-03-11 12:07:49.266105
81736.0,2022-03-11 12:07:49.355127
82143.0,2022-03-11 12:07:49.444148
82823.0,2022-03-11 12:07:49.533193
83145.0,2022-03-11 12:07:49.623209
83364.0,2022-03-11 12:07:49.712187
83876.0,2022-03-11 12:07:49.801590
84341.0,2022-03-11 12:07:49.890651
84516.0,2022-03-11 12:07:49.979673
84956.0,2022-03-11 12:07:50.068694
85621.0,2022-03-11 12:07:50.158127
85899.0,2022-03-11 12:07:50.247482
85927.0,2022-03-11 12:07:50.336484
85807.0,2022-03-11 12:07:50.425668
85651.0,2022-03-11 12:07:50.515019
85612.0,2022-03-11 12:07:50.604044
85569.0,2022-03-11 12:07:50.693450
85452.0,2022-03-11 12:07:50.782596
85363.0,2022-03-11 12:07:50.871577
85397.0,2022-03-11 12:07:50.960599
85443.0,2022-03-11 12:07:51.049622
85505.0,2022-03-11 12:07:51.138649
85712.0,2022-03-11 12:07:51.228310
85767.0,2022-03-11 12:07:51.317452
85672.0,2022-03-11 12:07:51.406859
85640.0,2022-03-11 12:07:51.495886
85612.0,2022-03-11 12:07:51.585254
85532.0,2022-03-11 12:07:51.674284
85486.0,2022-03-11 12:07:51.763309
85480.0,2022-03-11 12:07:51.852381
85441.0,2022-03-11 12:07:51.941390
85398.0,2022-03-11 12:07:52.031053
85460.0,2022-03-11 12:07:52.120076
85690.0,2022-03-11 12:07:52.209117
85783.0,2022-03-11 12:07:52.298148
85811.0,2022-03-11 12:07:52.387722
85706.0,2022-03-11 12:07:52.476931
85618.0,2022-03-11 12:07:52.566259
85645.0,2022-03-11 12:07:52.655286
85567.0,2022-03-11 12:07:52.744582
85561.0,2022-03-11 12:07:52.833462
85599.0,2022-03-11 12:07:52.922488
85524.0,2022-03-11 12:07:53.012139
85469.0,2022-03-11 12:07:53.100463
85521.0,2022-03-11 12:07:53.190517
85531.0,2022-03-11 12:07:53.279682
85517.0,2022-03-11 12:07:53.368018
85453.0,2022-03-11 12:07:53.458038
85358.0,2022-03-11 12:07:53.546922
85348.0,2022-03-11 12:07:53.636029
85323.0,2022-03-11 12:07:53.725637
85497.0,2022-03-11 12:07:53.814670
85790.0,2022-03-11 12:07:53.903460
85737.0,2022-03-11 12:07:53.992473
85703.0,2022-03-11 12:07:54.081502
85734.0,2022-03-11 12:07:54.171526
85757.0,2022-03-11 12:07:54.260520
85720.0,2022-03-11 12:07:54.349732
85664.0,2022-03-11 12:07:54.439057
85622.0,2022-03-11 12:07:54.528082
85612.0,2022-03-11 12:07:54.617098
85605.0,2022-03-11 12:07:54.706455
85579.0,2022-03-11 12:07:54.795773
85537.0,2022-03-11 12:07:54.884837
85510.0,2022-03-11 12:07:54.974141
85543.0,2022-03-11 12:07:55.063168
85545.0,2022-03-11 12:07:55.152191
85539.0,2022-03-11 12:07:55.241184
85504.0,2022-03-11 12:07:55.330895
85470.0,2022-03-11 12:07:55.419936
85476.0,2022-03-11 12:07:55.509045
85453.0,2022-03-11 12:07:55.598002
85763.0,2022-03-11 12:07:55.687026
86523.0,2022-03-11 12:07:55.776589
87714.0,2022-03-11 12:07:55.865083
88985.0,2022-03-11 12:07:55.955123
90270.0,2022-03-11 12:07:56.044117
91634.0,2022-03-11 12:07:56.132803
92972.0,2022-03-11 12:07:56.221834
94275.0,2022-03-11 12:07:56.311485
95606.0,2022-03-11 12:07:56.400851
96966.0,2022-03-11 12:07:56.489484
98169.0,2022-03-11 12:07:56.578512
99444.0,2022-03-11 12:07:56.668458
100747.0,2022-03-11 12:07:56.758659
101974.0,2022-03-11 12:07:56.847845
103318.0,2022-03-11 12:07:56.936899
104705.0,2022-03-11 12:07:57.026210
105942.0,2022-03-11 12:07:57.115534
107218.0,2022-03-11 12:07:57.204610
108475.0,2022-03-11 12:07:57.293608
109618.0,2022-03-11 12:07:57.382634
110938.0,2022-03-11 12:07:57.471662
112241.0,2022-03-11 12:07:57.561271
113425.0,2022-03-11 12:07:57.650474
114781.0,2022-03-11 12:07:57.739790
116234.0,2022-03-11 12:07:57.828817
117563.0,2022-03-11 12:07:57.918161
118826.0,2022-03-11 12:07:58.006496
120031.0,2022-03-11 12:07:58.096525
121202.0,2022-03-11 12:07:58.185562
122412.0,2022-03-11 12:07:58.274588
123695.0,2022-03-11 12:07:58.364052
124959.0,2022-03-11 12:07:58.453113
126185.0,2022-03-11 12:07:58.542157
127588.0,2022-03-11 12:07:58.631141
128991.0,2022-03-11 12:07:58.720574
130273.0,2022-03-11 12:07:58.809858
131514.0,2022-03-11 12:07:58.898620
132796.0,2022-03-11 12:07:58.987643
134064.0,2022-03-11 12:07:59.077671
135311.0,2022-03-11 12:07:59.166329
136590.0,2022-03-11 12:07:59.255809
137751.0,2022-03-11 12:07:59.345154
138962.0,2022-03-11 12:07:59.434237
140216.0,2022-03-11 12:07:59.523500
141467.0,2022-03-11 12:07:59.612325
142745.0,2022-03-11 12:07:59.701349
144047.0,2022-03-11 12:07:59.790505
145383.0,2022-03-11 12:07:59.880037
146678.0,2022-03-11 12:07:59.969249
148001.0,2022-03-11 12:08:00.058421
149384.0,2022-03-11 12:08:00.147443
150746.0,2022-03-11 12:08:00.236428
151930.0,2022-03-11 12:08:00.325563
153258.0,2022-03-11 12:08:00.415281
154483.0,2022-03-11 12:08:00.504556
155585.0,2022-03-11 12:08:00.593566
156574.0,2022-03-11 12:08:00.682928
157115.0,2022-03-11 12:08:00.771943
157292.0,2022-03-11 12:08:00.860984
157339.0,2022-03-11 12:08:00.950310
157228.0,2022-03-11 12:08:01.039496
156987.0,2022-03-11 12:08:01.128847
156886.0,2022-03-11 12:08:01.218042
156736.0,2022-03-11 12:08:01.307085
156694.0,2022-03-11 12:08:01.396524
156684.0,2022-03-11 12:08:01.485578
156647.0,2022-03-11 12:08:01.574600
156572.0,2022-03-11 12:08:01.663625
156755.0,2022-03-11 12:08:01.753066
157238.0,2022-03-11 12:08:01.842110
157283.0,2022-03-11 12:08:01.931139
157205.0,2022-03-11 12:08:02.020163
157101.0,2022-03-11 12:08:02.109198
156994.0,2022-03-11 12:08:02.198520
156989.0,2022-03-11 12:08:02.287520
156955.0,2022-03-11 12:08:02.377319
156940.0,2022-03-11 12:08:02.466318
156878.0,2022-03-11 12:08:02.555342
156873.0,2022-03-11 12:08:02.644553
156850.0,2022-03-11 12:08:02.733974
156881.0,2022-03-11 12:08:02.823045
156876.0,2022-03-11 12:08:02.912067
156823.0,2022-03-11 12:08:03.001351
156949.0,2022-03-11 12:08:03.090156
157008.0,2022-03-11 12:08:03.179727
157003.0,2022-03-11 12:08:03.268210
156997.0,2022-03-11 12:08:03.358276
157029.0,2022-03-11 12:08:03.447349
156993.0,2022-03-11 12:08:03.536651
156887.0,2022-03-11 12:08:03.625711
156781.0,2022-03-11 12:08:03.714741
156724.0,2022-03-11 12:08:03.804013
156748.0,2022-03-11 12:08:03.893364
156797.0,2022-03-11 12:08:03.982390
156877.0,2022-03-11 12:08:04.071416
156946.0,2022-03-11 12:08:04.160437
156873.0,2022-03-11 12:08:04.249485
156837.0,2022-03-11 12:08:04.338533
156837.0,2022-03-11 12:08:04.428514
156877.0,2022-03-11 12:08:04.517517
156951.0,2022-03-11 12:08:04.606690
156822.0,2022-03-11 12:08:04.695882
156777.0,2022-03-11 12:08:04.784906
156815.0,2022-03-11 12:08:04.874246
156943.0,2022-03-11 12:08:04.963595
156955.0,2022-03-11 12:08:05.051718
156835.0,2022-03-11 12:08:05.141790
156734.0,2022-03-11 12:08:05.230961
156729.0,2022-03-11 12:08:05.320321
156872.0,2022-03-11 12:08:05.409365
156968.0,2022-03-11 12:08:05.498388
156887.0,2022-03-11 12:08:05.587431
156858.0,2022-03-11 12:08:05.676902
156803.0,2022-03-11 12:08:05.765969
156752.0,2022-03-11 12:08:05.855278
156957.0,2022-03-11 12:08:05.944306
157145.0,2022-03-11 12:08:06.033333
157353.0,2022-03-11 12:08:06.122923
158198.0,2022-03-11 12:08:06.211940
160166.0,2022-03-11 12:08:06.301279
162635.0,2022-03-11 12:08:06.390371
165366.0,2022-03-11 12:08:06.479122
168288.0,2022-03-11 12:08:06.568665
170970.0,2022-03-11 12:08:06.657965
173648.0,2022-03-11 12:08:06.747194
176337.0,2022-03-11 12:08:06.836237
178996.0,2022-03-11 12:08:06.925277
181626.0,2022-03-11 12:08:07.014315
184056.0,2022-03-11 12:08:07.103339
186459.0,2022-03-11 12:08:07.192867
188957.0,2022-03-11 12:08:07.282221
191529.0,2022-03-11 12:08:07.370767
194126.0,2022-03-11 12:08:07.460412
196637.0,2022-03-11 12:08:07.549730
199269.0,2022-03-11 12:08:07.638773
201967.0,2022-03-11 12:08:07.727815
204290.0,2022-03-11 12:08:07.817245
206856.0,2022-03-11 12:08:07.906272
209344.0,2022-03-11 12:08:07.995597
212014.0,2022-03-11 12:08:08.084597
214613.0,2022-03-11 12:08:08.173634
217154.0,2022-03-11 12:08:08.262658
219638.0,2022-03-11 12:08:08.352288
222178.0,2022-03-11 12:08:08.440674
224733.0,2022-03-11 12:08:08.530515
227221.0,2022-03-11 12:08:08.619545
229812.0,2022-03-11 12:08:08.708572
232278.0,2022-03-11 12:08:08.797984
234665.0,2022-03-11 12:08:08.886617
237188.0,2022-03-11 12:08:08.975641
239710.0,2022-03-11 12:08:09.065461
242352.0,2022-03-11 12:08:09.154681
244922.0,2022-03-11 12:08:09.244047
247507.0,2022-03-11 12:08:09.332918
249987.0,2022-03-11 12:08:09.421977
252594.0,2022-03-11 12:08:09.511391
255262.0,2022-03-11 12:08:09.600566
257836.0,2022-03-11 12:08:09.689169
260317.0,2022-03-11 12:08:09.778206
262870.0,2022-03-11 12:08:09.868267
265382.0,2022-03-11 12:08:09.956621
267834.0,2022-03-11 12:08:10.046427
270232.0,2022-03-11 12:08:10.135752
272785.0,2022-03-11 12:08:10.224770
275362.0,2022-03-11 12:08:10.314114
277881.0,2022-03-11 12:08:10.403144
280454.0,2022-03-11 12:08:10.492293
282963.0,2022-03-11 12:08:10.581201
285469.0,2022-03-11 12:08:10.670236
288004.0,2022-03-11 12:08:10.759965
290530.0,2022-03-11 12:08:10.849024
293041.0,2022-03-11 12:08:10.938069
295481.0,2022-03-11 12:08:11.027090
297556.0,2022-03-11 12:08:11.116471
298956.0,2022-03-11 12:08:11.205087
299874.0,2022-03-11 12:08:11.294973
299891.0,2022-03-11 12:08:11.384056
299723.0,2022-03-11 12:08:11.473089
299556.0,2022-03-11 12:08:11.562114
299460.0,2022-03-11 12:08:11.651165
299449.0,2022-03-11 12:08:11.740579
299488.0,2022-03-11 12:08:11.830019
299580.0,2022-03-11 12:08:11.919031
299590.0,2022-03-11 12:08:12.008374
299667.0,2022-03-11 12:08:12.097401
299793.0,2022-03-11 12:08:12.186418
299829.0,2022-03-11 12:08:12.275230
299868.0,2022-03-11 12:08:12.365059
299865.0,2022-03-11 12:08:12.454092
299835.0,2022-03-11 12:08:12.543116
299779.0,2022-03-11 12:08:12.632140
299868.0,2022-03-11 12:08:12.721535
299833.0,2022-03-11 12:08:12.810560
299856.0,2022-03-11 12:08:12.900103
299886.0,2022-03-11 12:08:12.988806
299870.0,2022-03-11 12:08:13.078485
299757.0,2022-03-11 12:08:13.167527
299643.0,2022-03-11 12:08:13.256593
299642.0,2022-03-11 12:08:13.345851
299610.0,2022-03-11 12:08:13.434649
299498.0,2022-03-11 12:08:13.524227
299512.0,2022-03-11 12:08:13.613567
299468.0,2022-03-11 12:08:13.702643
299437.0,2022-03-11 12:08:13.791670
299534.0,2022-03-11 12:08:13.880939
299800.0,2022-03-11 12:08:13.970216
299887.0,2022-03-11 12:08:14.059483
299818.0,2022-03-11 12:08:14.148499
299730.0,2022-03-11 12:08:14.237840
299701.0,2022-03-11 12:08:14.326866
299671.0,2022-03-11 12:08:14.415901
299610.0,2022-03-11 12:08:14.504928
299627.0,2022-03-11 12:08:14.594423
299530.0,2022-03-11 12:08:14.682977
299480.0,2022-03-11 12:08:14.773003
299421.0,2022-03-11 12:08:14.862185
299402.0,2022-03-11 12:08:14.951177
299522.0,2022-03-11 12:08:15.040416
299746.0,2022-03-11 12:08:15.129684
299846.0,2022-03-11 12:08:15.218815
299779.0,2022-03-11 12:08:15.308134
299666.0,2022-03-11 12:08:15.397180
299632.0,2022-03-11 12:08:15.486204
299637.0,2022-03-11 12:08:15.575587
299621.0,2022-03-11 12:08:15.664238
299589.0,2022-03-11 12:08:15.754084
299577.0,2022-03-11 12:08:15.843118
299613.0,2022-03-11 12:08:15.932140
299603.0,2022-03-11 12:08:16.021609
299548.0,2022-03-11 12:08:16.110608
299507.0,2022-03-11 12:08:16.199607
299523.0,2022-03-11 12:08:16.289189
299524.0,2022-03-11 12:08:16.378215
299608.0,2022-03-11 12:08:16.467233
299826.0,2022-03-11 12:08:16.556265
300514.0,2022-03-11 12:08:16.645286
302595.0,2022-03-11 12:08:16.734927
305638.0,2022-03-11 12:08:16.824276
309259.0,2022-03-11 12:08:16.913303
313194.0,2022-03-11 12:08:17.002331
317138.0,2022-03-11 12:08:17.091648
321186.0,2022-03-11 12:08:17.180676
325151.0,2022-03-11 12:08:17.270018
328992.0,2022-03-11 12:08:17.359211
332627.0,2022-03-11 12:08:17.448385
336293.0,2022-03-11 12:08:17.537763
340155.0,2022-03-11 12:08:17.626799
344206.0,2022-03-11 12:08:17.716110
347977.0,2022-03-11 12:08:17.805141
351756.0,2022-03-11 12:08:17.894162
355584.0,2022-03-11 12:08:17.983172
359335.0,2022-03-11 12:08:18.071405
363023.0,2022-03-11 12:08:18.161844
366904.0,2022-03-11 12:08:18.250866
370768.0,2022-03-11 12:08:18.339883
374627.0,2022-03-11 12:08:18.428912
378291.0,2022-03-11 12:08:18.517938
382103.0,2022-03-11 12:08:18.607962
386136.0,2022-03-11 12:08:18.697070
390118.0,2022-03-11 12:08:18.786194
393807.0,2022-03-11 12:08:18.875231
397574.0,2022-03-11 12:08:18.964285
401364.0,2022-03-11 12:08:19.053914
405110.0,2022-03-11 12:08:19.143013
408957.0,2022-03-11 12:08:19.232002
412780.0,2022-03-11 12:08:19.321488
416584.0,2022-03-11 12:08:19.410518
420399.0,2022-03-11 12:08:19.499540
424247.0,2022-03-11 12:08:19.588899
428164.0,2022-03-11 12:08:19.677608
432081.0,2022-03-11 12:08:19.767455
435959.0,2022-03-11 12:08:19.856536
439954.0,2022-03-11 12:08:19.945584
443850.0,2022-03-11 12:08:20.034604
447596.0,2022-03-11 12:08:20.124036
451293.0,2022-03-11 12:08:20.213411
455143.0,2022-03-11 12:08:20.302408
459041.0,2022-03-11 12:08:20.391244
462819.0,2022-03-11 12:08:20.480761
466680.0,2022-03-11 12:08:20.569302
470412.0,2022-03-11 12:08:20.659344
474279.0,2022-03-11 12:08:20.748411
478284.0,2022-03-11 12:08:20.837485
482093.0,2022-03-11 12:08:20.926636
485967.0,2022-03-11 12:08:21.015880
489862.0,2022-03-11 12:08:21.104904
493570.0,2022-03-11 12:08:21.193889
497304.0,2022-03-11 12:08:21.282913
501224.0,2022-03-11 12:08:21.372621
505140.0,2022-03-11 12:08:21.461973
508630.0,2022-03-11 12:08:21.551013
511328.0,2022-03-11 12:08:21.640349
513397.0,2022-03-11 12:08:21.729454
514496.0,2022-03-11 12:08:21.818515
514436.0,2022-03-11 12:08:21.908001
514167.0,2022-03-11 12:08:21.997027
514003.0,2022-03-11 12:08:22.086037
514001.0,2022-03-11 12:08:22.175606
513950.0,2022-03-11 12:08:22.264177
513978.0,2022-03-11 12:08:22.353829
513975.0,2022-03-11 12:08:22.442476
513874.0,2022-03-11 12:08:22.532394
513734.0,2022-03-11 12:08:22.621433
513638.0,2022-03-11 12:08:22.710800
513691.0,2022-03-11 12:08:22.799842
513942.0,2022-03-11 12:08:22.888869
514069.0,2022-03-11 12:08:22.978234
514007.0,2022-03-11 12:08:23.067610
513885.0,2022-03-11 12:08:23.156708
513773.0,2022-03-11 12:08:23.246021
513726.0,2022-03-11 12:08:23.335137
513723.0,2022-03-11 12:08:23.424421
513711.0,2022-03-11 12:08:23.513447
513619.0,2022-03-11 12:08:23.602469
513608.0,2022-03-11 12:08:23.691494
513848.0,2022-03-11 12:08:23.780886
514040.0,2022-03-11 12:08:23.870300
514077.0,2022-03-11 12:08:23.959490
514056.0,2022-03-11 12:08:24.048517
513990.0,2022-03-11 12:08:24.137849
513892.0,2022-03-11 12:08:24.226584
513847.0,2022-03-11 12:08:24.316386
513815.0,2022-03-11 12:08:24.405462
513812.0,2022-03-11 12:08:24.494468
513841.0,2022-03-11 12:08:24.583496
513751.0,2022-03-11 12:08:24.672967
513717.0,2022-03-11 12:08:24.761660
513699.0,2022-03-11 12:08:24.851320
513598.0,2022-03-11 12:08:24.940520
513632.0,2022-03-11 12:08:25.029493
513689.0,2022-03-11 12:08:25.119059
513789.0,2022-03-11 12:08:25.208100
514046.0,2022-03-11 12:08:25.297273
514104.0,2022-03-11 12:08:25.386444
514054.0,2022-03-11 12:08:25.475647
514066.0,2022-03-11 12:08:25.564665
514033.0,2022-03-11 12:08:25.653480
513947.0,2022-03-11 12:08:25.742522
513934.0,2022-03-11 12:08:25.832549
513952.0,2022-03-11 12:08:25.921574
513933.0,2022-03-11 12:08:26.009766
513916.0,2022-03-11 12:08:26.099921
513936.0,2022-03-11 12:08:26.189272
513889.0,2022-03-11 12:08:26.278298
513900.0,2022-03-11 12:08:26.367366
513906.0,2022-03-11 12:08:26.456675
513847.0,2022-03-11 12:08:26.545715
513752.0,2022-03-11 12:08:26.635200
513834.0,2022-03-11 12:08:26.724233
513800.0,2022-03-11 12:08:26.813407
513763.0,2022-03-11 12:08:26.902444
513734.0,2022-03-11 12:08:26.991486
514060.0,2022-03-11 12:08:27.080502
515324.0,2022-03-11 12:08:27.170327
517903.0,2022-03-11 12:08:27.259352
521440.0,2022-03-11 12:08:27.348711
525377.0,2022-03-11 12:08:27.437738
529635.0,2022-03-11 12:08:27.526760
533793.0,2022-03-11 12:08:27.616245
537582.0,2022-03-11 12:08:27.705242
541400.0,2022-03-11 12:08:27.794314
545114.0,2022-03-11 12:08:27.883854
548937.0,2022-03-11 12:08:27.972884
552854.0,2022-03-11 12:08:28.061909
556663.0,2022-03-11 12:08:28.151370
560451.0,2022-03-11 12:08:28.240393
564336.0,2022-03-11 12:08:28.329715
568048.0,2022-03-11 12:08:28.418766
571908.0,2022-03-11 12:08:28.508103
575808.0,2022-03-11 12:08:28.597128
579600.0,2022-03-11 12:08:28.686312
583535.0,2022-03-11 12:08:28.775660
587431.0,2022-03-11 12:08:28.864858
590961.0,2022-03-11 12:08:28.953884
594678.0,2022-03-11 12:08:29.042906
598693.0,2022-03-11 12:08:29.131942
602563.0,2022-03-11 12:08:29.220987
606414.0,2022-03-11 12:08:29.310837
610162.0,2022-03-11 12:08:29.399966
613772.0,2022-03-11 12:08:29.488994
617605.0,2022-03-11 12:08:29.578033
621646.0,2022-03-11 12:08:29.667527
625532.0,2022-03-11 12:08:29.756566
629275.0,2022-03-11 12:08:29.845594
633071.0,2022-03-11 12:08:29.934692
636875.0,2022-03-11 12:08:30.023644
640711.0,2022-03-11 12:08:30.113471
644512.0,2022-03-11 12:08:30.202499
648410.0,2022-03-11 12:08:30.291533
652281.0,2022-03-11 12:08:30.380868
656050.0,2022-03-11 12:08:30.469559
659789.0,2022-03-11 12:08:30.559288
663429.0,2022-03-11 12:08:30.648551
667236.0,2022-03-11 12:08:30.737668
671179.0,2022-03-11 12:08:30.825692
675060.0,2022-03-11 12:08:30.915721
678924.0,2022-03-11 12:08:31.005171
682743.0,2022-03-11 12:08:31.094197
686525.0,2022-03-11 12:08:31.183223
690321.0,2022-03-11 12:08:31.272896
694168.0,2022-03-11 12:08:31.361924
698122.0,2022-03-11 12:08:31.450973
701969.0,2022-03-11 12:08:31.540001
705650.0,2022-03-11 12:08:31.629446
709407.0,2022-03-11 12:08:31.718608
713220.0,2022-03-11 12:08:31.808039
717115.0,2022-03-11 12:08:31.897123
720930.0,2022-03-11 12:08:31.986150
724217.0,2022-03-11 12:08:32.075351
726416.0,2022-03-11 12:08:32.164211
727911.0,2022-03-11 12:08:32.253886
728556.0,2022-03-11 12:08:32.342966
728719.0,2022-03-11 12:08:32.431972
728768.0,2022-03-11 12:08:32.520717
728664.0,2022-03-11 12:08:32.610289
728500.0,2022-03-11 12:08:32.699854
728439.0,2022-03-11 12:08:32.788890
728374.0,2022-03-11 12:08:32.877923
728326.0,2022-03-11 12:08:32.967223
728272.0,2022-03-11 12:08:33.055987
728223.0,2022-03-11 12:08:33.145608
728174.0,2022-03-11 12:08:33.234945
728140.0,2022-03-11 12:08:33.323979
728135.0,2022-03-11 12:08:33.413040
728171.0,2022-03-11 12:08:33.502351
728110.0,2022-03-11 12:08:33.591099
727962.0,2022-03-11 12:08:33.680150
727910.0,2022-03-11 12:08:33.769918
727958.0,2022-03-11 12:08:33.859164
728005.0,2022-03-11 12:08:33.948469
728129.0,2022-03-11 12:08:34.037491
728280.0,2022-03-11 12:08:34.126701
728280.0,2022-03-11 12:08:34.216017
728251.0,2022-03-11 12:08:34.305047
728143.0,2022-03-11 12:08:34.394232
728060.0,2022-03-11 12:08:34.483576
728028.0,2022-03-11 12:08:34.572669
727996.0,2022-03-11 12:08:34.661932
727992.0,2022-03-11 12:08:34.750966
727955.0,2022-03-11 12:08:34.839994
728103.0,2022-03-11 12:08:34.929030
728237.0,2022-03-11 12:08:35.018541
728370.0,2022-03-11 12:08:35.107712
728297.0,2022-03-11 12:08:35.197115
728223.0,2022-03-11 12:08:35.286144
728131.0,2022-03-11 12:08:35.375204
728045.0,2022-03-11 12:08:35.464553
728094.0,2022-03-11 12:08:35.553978
728115.0,2022-03-11 12:08:35.643001
728067.0,2022-03-11 12:08:35.732345
727998.0,2022-03-11 12:08:35.821372
727967.0,2022-03-11 12:08:35.910394
727986.0,2022-03-11 12:08:35.998827
727995.0,2022-03-11 12:08:36.088965
728226.0,2022-03-11 12:08:36.178334
728389.0,2022-03-11 12:08:36.267420
728322.0,2022-03-11 12:08:36.356447
728190.0,2022-03-11 12:08:36.445892
728182.0,2022-03-11 12:08:36.534588
728184.0,2022-03-11 12:08:36.623982
728091.0,2022-03-11 12:08:36.713363
728064.0,2022-03-11 12:08:36.802478
728064.0,2022-03-11 12:08:36.891717
728089.0,2022-03-11 12:08:36.980845
728062.0,2022-03-11 12:08:37.069772
728045.0,2022-03-11 12:08:37.158792
728018.0,2022-03-11 12:08:37.247819
728027.0,2022-03-11 12:08:37.336847
728120.0,2022-03-11 12:08:37.426854
728386.0,2022-03-11 12:08:37.516130
728896.0,2022-03-11 12:08:37.605119
730408.0,2022-03-11 12:08:37.694145
733011.0,2022-03-11 12:08:37.783588
736055.0,2022-03-11 12:08:37.872949
739092.0,2022-03-11 12:08:37.962144
742403.0,2022-03-11 12:08:38.051192
745522.0,2022-03-11 12:08:38.140362
748690.0,2022-03-11 12:08:38.229244
751778.0,2022-03-11 12:08:38.318747
754834.0,2022-03-11 12:08:38.407317
757768.0,2022-03-11 12:08:38.497345
760589.0,2022-03-11 12:08:38.586346
763556.0,2022-03-11 12:08:38.675573
766728.0,2022-03-11 12:08:38.764267
769713.0,2022-03-11 12:08:38.853826
772705.0,2022-03-11 12:08:38.942857
775706.0,2022-03-11 12:08:39.032358
778797.0,2022-03-11 12:08:39.121556
781702.0,2022-03-11 12:08:39.210832
784568.0,2022-03-11 12:08:39.299973
787467.0,2022-03-11 12:08:39.388891
790541.0,2022-03-11 12:08:39.478361
793631.0,2022-03-11 12:08:39.567551
796546.0,2022-03-11 12:08:39.656906
799540.0,2022-03-11 12:08:39.745933
802634.0,2022-03-11 12:08:39.835266
805605.0,2022-03-11 12:08:39.924473
808420.0,2022-03-11 12:08:40.013513
811482.0,2022-03-11 12:08:40.101937
814658.0,2022-03-11 12:08:40.192014
817730.0,2022-03-11 12:08:40.281102
820710.0,2022-03-11 12:08:40.370242
823519.0,2022-03-11 12:08:40.459158
826519.0,2022-03-11 12:08:40.548182
829639.0,2022-03-11 12:08:40.637843
832720.0,2022-03-11 12:08:40.727237
835583.0,2022-03-11 12:08:40.815826
838577.0,2022-03-11 12:08:40.904857
841634.0,2022-03-11 12:08:40.994708
844542.0,2022-03-11 12:08:41.083853
847467.0,2022-03-11 12:08:41.172848
850444.0,2022-03-11 12:08:41.262110
853499.0,2022-03-11 12:08:41.350903
856510.0,2022-03-11 12:08:41.440537
859382.0,2022-03-11 12:08:41.529570
862304.0,2022-03-11 12:08:41.618879
865472.0,2022-03-11 12:08:41.707923
868499.0,2022-03-11 12:08:41.796954
871549.0,2022-03-11 12:08:41.886459
874560.0,2022-03-11 12:08:41.975814
877530.0,2022-03-11 12:08:42.063632
880491.0,2022-03-11 12:08:42.154183
883354.0,2022-03-11 12:08:42.243238
886335.0,2022-03-11 12:08:42.332388
889306.0,2022-03-11 12:08:42.421587
892063.0,2022-03-11 12:08:42.510771
894315.0,2022-03-11 12:08:42.599619
895499.0,2022-03-11 12:08:42.689307
895875.0,2022-03-11 12:08:42.778362
896088.0,2022-03-11 12:08:42.867241
896175.0,2022-03-11 12:08:42.956267
896241.0,2022-03-11 12:08:43.045290
896366.0,2022-03-11 12:08:43.135301
896466.0,2022-03-11 12:08:43.223829
896533.0,2022-03-11 12:08:43.313528
896491.0,2022-03-11 12:08:43.402553
896415.0,2022-03-11 12:08:43.491582
896264.0,2022-03-11 12:08:43.581103
896170.0,2022-03-11 12:08:43.670478
896080.0,2022-03-11 12:08:43.759505
896010.0,2022-03-11 12:08:43.848829
895972.0,2022-03-11 12:08:43.937608
895951.0,2022-03-11 12:08:44.026783
895964.0,2022-03-11 12:08:44.115806
895905.0,2022-03-11 12:08:44.205662
895885.0,2022-03-11 12:08:44.294740
895838.0,2022-03-11 12:08:44.382779
895804.0,2022-03-11 12:08:44.472942
895800.0,2022-03-11 12:08:44.561965
895740.0,2022-03-11 12:08:44.651609
895753.0,2022-03-11 12:08:44.740557
895844.0,2022-03-11 12:08:44.830037
895829.0,2022-03-11 12:08:44.919091
895821.0,2022-03-11 12:08:45.008096
895844.0,2022-03-11 12:08:45.097125
895875.0,2022-03-11 12:08:45.186595
895903.0,2022-03-11 12:08:45.275181
895907.0,2022-03-11 12:08:45.364789
895925.0,2022-03-11 12:08:45.453720
895978.0,2022-03-11 12:08:45.543504
895984.0,2022-03-11 12:08:45.632589
896051.0,2022-03-11 12:08:45.721659
896058.0,2022-03-11 12:08:45.811099
896057.0,2022-03-11 12:08:45.900152
896074.0,2022-03-11 12:08:45.989505
896069.0,2022-03-11 12:08:46.078589
896083.0,2022-03-11 12:08:46.167866
896076.0,2022-03-11 12:08:46.256896
896063.0,2022-03-11 12:08:46.346048
896106.0,2022-03-11 12:08:46.435279
896047.0,2022-03-11 12:08:46.524643
896003.0,2022-03-11 12:08:46.613669
896084.0,2022-03-11 12:08:46.702097
896095.0,2022-03-11 12:08:46.792130
896028.0,2022-03-11 12:08:46.880908
896017.0,2022-03-11 12:08:46.969939
896031.0,2022-03-11 12:08:47.059798
895963.0,2022-03-11 12:08:47.148822
895967.0,2022-03-11 12:08:47.237611
896020.0,2022-03-11 12:08:47.327344
896040.0,2022-03-11 12:08:47.416374
896106.0,2022-03-11 12:08:47.505554
896028.0,2022-03-11 12:08:47.594786
895818.0,2022-03-11 12:08:47.683911
895848.0,2022-03-11 12:08:47.772804
895950.0,2022-03-11 12:08:47.861794
895963.0,2022-03-11 12:08:47.950807
895972.0,2022-03-11 12:08:48.040664
896602.0,2022-03-11 12:08:48.129870
898478.0,2022-03-11 12:08:48.218497
901375.0,2022-03-11 12:08:48.308455
904727.0,2022-03-11 12:08:48.397480
908267.0,2022-03-11 12:08:48.486502
911865.0,2022-03-11 12:08:48.575892
915343.0,2022-03-11 12:08:48.665239
918804.0,2022-03-11 12:08:48.754336
922299.0,2022-03-11 12:08:48.843367
925854.0,2022-03-11 12:08:48.932471
929121.0,2022-03-11 12:08:49.021895
932410.0,2022-03-11 12:08:49.110898
935702.0,2022-03-11 12:08:49.199868
939139.0,2022-03-11 12:08:49.289579
942635.0,2022-03-11 12:08:49.378654
945985.0,2022-03-11 12:08:49.467956
949223.0,2022-03-11 12:08:49.556977
952672.0,2022-03-11 12:08:49.645972
956038.0,2022-03-11 12:08:49.735364
959378.0,2022-03-11 12:08:49.824723
962795.0,2022-03-11 12:08:49.913800
966229.0,2022-03-11 12:08:50.002777
969511.0,2022-03-11 12:08:50.091774
972852.0,2022-03-11 12:08:50.180800
976171.0,2022-03-11 12:08:50.270844
979449.0,2022-03-11 12:08:50.359733
982817.0,2022-03-11 12:08:50.448471
986250.0,2022-03-11 12:08:50.538287
989731.0,2022-03-11 12:08:50.627368
993048.0,2022-03-11 12:08:50.716382
996396.0,2022-03-11 12:08:50.805387
999668.0,2022-03-11 12:08:50.894385
1003088.0,2022-03-11 12:08:50.984429
1006638.0,2022-03-11 12:08:51.074489
1009985.0,2022-03-11 12:08:51.163511
1013362.0,2022-03-11 12:08:51.252746
1016694.0,2022-03-11 12:08:51.341786
1020058.0,2022-03-11 12:08:51.430903
1023477.0,2022-03-11 12:08:51.520287
1026737.0,2022-03-11 12:08:51.609633
1030079.0,2022-03-11 12:08:51.698822
1033649.0,2022-03-11 12:08:51.787892
1037084.0,2022-03-11 12:08:51.877011
1040397.0,2022-03-11 12:08:51.965946
1043802.0,2022-03-11 12:08:52.054970
1047200.0,2022-03-11 12:08:52.144789
1050541.0,2022-03-11 12:08:52.233814
1053905.0,2022-03-11 12:08:52.322832
1057325.0,2022-03-11 12:08:52.411808
1060788.0,2022-03-11 12:08:52.501495
1064130.0,2022-03-11 12:08:52.590535
1067604.0,2022-03-11 12:08:52.679729
1070957.0,2022-03-11 12:08:52.768579
1074109.0,2022-03-11 12:08:52.857599
1077462.0,2022-03-11 12:08:52.947426
1080685.0,2022-03-11 12:08:53.036468
1083205.0,2022-03-11 12:08:53.125488
1085215.0,2022-03-11 12:08:53.214516
1085786.0,2022-03-11 12:08:53.304237
1085602.0,2022-03-11 12:08:53.393323
1085532.0,2022-03-11 12:08:53.482580
1085486.0,2022-03-11 12:08:53.571793
1085508.0,2022-03-11 12:08:53.660818
1085515.0,2022-03-11 12:08:53.749838
1085514.0,2022-03-11 12:08:53.838665
1085623.0,2022-03-11 12:08:53.928340
1085487.0,2022-03-11 12:08:54.017368
1085305.0,2022-03-11 12:08:54.106396
1085196.0,2022-03-11 12:08:54.195889
1085046.0,2022-03-11 12:08:54.284905
1084968.0,2022-03-11 12:08:54.373929
1084970.0,2022-03-11 12:08:54.462950
1085076.0,2022-03-11 12:08:54.552671
1085446.0,2022-03-11 12:08:54.641936
1085634.0,2022-03-11 12:08:54.731211
1085594.0,2022-03-11 12:08:54.820240
1085418.0,2022-03-11 12:08:54.909265
1085374.0,2022-03-11 12:08:54.998292
1085285.0,2022-03-11 12:08:55.087849
1085198.0,2022-03-11 12:08:55.176341
1085187.0,2022-03-11 12:08:55.266365
1085143.0,2022-03-11 12:08:55.355387
1085056.0,2022-03-11 12:08:55.444408
1084980.0,2022-03-11 12:08:55.533384
1084957.0,2022-03-11 12:08:55.623180
1085091.0,2022-03-11 12:08:55.712202
1085375.0,2022-03-11 12:08:55.801222
1085654.0,2022-03-11 12:08:55.890245
1085691.0,2022-03-11 12:08:55.979281
1085560.0,2022-03-11 12:08:56.068308
1085402.0,2022-03-11 12:08:56.158203
1085365.0,2022-03-11 12:08:56.247566
1085344.0,2022-03-11 12:08:56.336587
1085244.0,2022-03-11 12:08:56.425840
1085200.0,2022-03-11 12:08:56.515176
1085185.0,2022-03-11 12:08:56.604044
1085162.0,2022-03-11 12:08:56.693054
1085135.0,2022-03-11 12:08:56.782533
1085141.0,2022-03-11 12:08:56.871888
1085143.0,2022-03-11 12:08:56.960850
1085088.0,2022-03-11 12:08:57.049870
1085113.0,2022-03-11 12:08:57.138890
1085133.0,2022-03-11 12:08:57.227917
1085056.0,2022-03-11 12:08:57.316946
1085059.0,2022-03-11 12:08:57.406925
1085315.0,2022-03-11 12:08:57.496065
1085699.0,2022-03-11 12:08:57.585246
1085805.0,2022-03-11 12:08:57.674614
1085781.0,2022-03-11 12:08:57.763648
1085647.0,2022-03-11 12:08:57.852671
1085641.0,2022-03-11 12:08:57.941302
1085635.0,2022-03-11 12:08:58.031310
1085639.0,2022-03-11 12:08:58.120476
1085558.0,2022-03-11 12:08:58.209602
1085460.0,2022-03-11 12:08:58.298679
1085403.0,2022-03-11 12:08:58.387698
1085285.0,2022-03-11 12:08:58.477367
1083788.0,2022-03-11 12:08:58.566554
1077874.0,2022-03-11 12:08:58.655632
1066332.0,2022-03-11 12:08:58.744911
1051157.0,2022-03-11 12:08:58.832933
1033682.0,2022-03-11 12:08:58.923144
1015235.0,2022-03-11 12:08:59.011838
996483.0,2022-03-11 12:08:59.100661
977448.0,2022-03-11 12:08:59.189741
957955.0,2022-03-11 12:08:59.278881
938183.0,2022-03-11 12:08:59.367905
918292.0,2022-03-11 12:08:59.456702
898206.0,2022-03-11 12:08:59.546462
878294.0,2022-03-11 12:08:59.635780
858509.0,2022-03-11 12:08:59.724862
839024.0,2022-03-11 12:08:59.813836
819524.0,2022-03-11 12:08:59.902874
800106.0,2022-03-11 12:08:59.991917
780685.0,2022-03-11 12:09:00.080935
761298.0,2022-03-11 12:09:00.171025
742154.0,2022-03-11 12:09:00.260063
723058.0,2022-03-11 12:09:00.349277
703879.0,2022-03-11 12:09:00.437894
684855.0,2022-03-11 12:09:00.527912
665777.0,2022-03-11 12:09:00.616886
646778.0,2022-03-11 12:09:00.705404
627948.0,2022-03-11 12:09:00.795444
608990.0,2022-03-11 12:09:00.884472
589995.0,2022-03-11 12:09:00.973836
570885.0,2022-03-11 12:09:01.062861
551935.0,2022-03-11 12:09:01.151888
532989.0,2022-03-11 12:09:01.241404
513826.0,2022-03-11 12:09:01.330488
494610.0,2022-03-11 12:09:01.419632
475289.0,2022-03-11 12:09:01.508871
456303.0,2022-03-11 12:09:01.598182
437585.0,2022-03-11 12:09:01.687220
418725.0,2022-03-11 12:09:01.776243
399814.0,2022-03-11 12:09:01.865785
381055.0,2022-03-11 12:09:01.954968
362466.0,2022-03-11 12:09:02.043995
343730.0,2022-03-11 12:09:02.133039
324969.0,2022-03-11 12:09:02.222063
306026.0,2022-03-11 12:09:02.311109
286984.0,2022-03-11 12:09:02.400140
268106.0,2022-03-11 12:09:02.489167
248803.0,2022-03-11 12:09:02.579323
229344.0,2022-03-11 12:09:02.668398
209846.0,2022-03-11 12:09:02.757420
190380.0,2022-03-11 12:09:02.846732
170816.0,2022-03-11 12:09:02.935885
151131.0,2022-03-11 12:09:03.025288
131614.0,2022-03-11 12:09:03.114424
112338.0,2022-03-11 12:09:03.203528
93348.0,2022-03-11 12:09:03.291529
74987.0,2022-03-11 12:09:03.380787
56938.0,2022-03-11 12:09:03.468611
40970.0,2022-03-11 12:09:03.559335
29435.0,2022-03-11 12:09:03.648374
22201.0,2022-03-11 12:09:03.737521
19688.0,2022-03-11 12:09:03.826916
19130.0,2022-03-11 12:09:03.915964
18800.0,2022-03-11 12:09:04.005067
18016.0,2022-03-11 12:09:04.094404
17942.0,2022-03-11 12:09:04.183433
18280.0,2022-03-11 12:09:04.272776
18448.0,2022-03-11 12:09:04.361805
18493.0,2022-03-11 12:09:04.450608
18533.0,2022-03-11 12:09:04.540339
18567.0,2022-03-11 12:09:04.629218
18503.0,2022-03-11 12:09:04.718669
18249.0,2022-03-11 12:09:04.807690
18005.0,2022-03-11 12:09:04.897058
18147.0,2022-03-11 12:09:04.986018
18262.0,2022-03-11 12:09:05.075047
18351.0,2022-03-11 12:09:05.164414
18343.0,2022-03-11 12:09:05.253668
18394.0,2022-03-11 12:09:05.342935
18456.0,2022-03-11 12:09:05.432135
18455.0,2022-03-11 12:09:05.521162
18501.0,2022-03-11 12:09:05.610356
18464.0,2022-03-11 12:09:05.699699
18482.0,2022-03-11 12:09:05.788732
18378.0,2022-03-11 12:09:05.878093
18189.0,2022-03-11 12:09:05.967099
17965.0,2022-03-11 12:09:06.056441
18027.0,2022-03-11 12:09:06.145431
18089.0,2022-03-11 12:09:06.234449
18159.0,2022-03-11 12:09:06.323901
18217.0,2022-03-11 12:09:06.413212
18258.0,2022-03-11 12:09:06.501501
18244.0,2022-03-11 12:09:06.591540
18255.0,2022-03-11 12:09:06.679930
18272.0,2022-03-11 12:09:06.769969
18302.0,2022-03-11 12:09:06.859136
18298.0,2022-03-11 12:09:06.948119
18234.0,2022-03-11 12:09:07.036841
18214.0,2022-03-11 12:09:07.126463
18261.0,2022-03-11 12:09:07.215495
18320.0,2022-03-11 12:09:07.304525
18276.0,2022-03-11 12:09:07.394175
18325.0,2022-03-11 12:09:07.483197
18334.0,2022-03-11 12:09:07.572342
18343.0,2022-03-11 12:09:07.661634
18324.0,2022-03-11 12:09:07.750658
18299.0,2022-03-11 12:09:07.839679
18263.0,2022-03-11 12:09:07.929346
18257.0,2022-03-11 12:09:08.018251
18348.0,2022-03-11 12:09:08.107304
18375.0,2022-03-11 12:09:08.196330
18350.0,2022-03-11 12:09:08.284355
18280.0,2022-03-11 12:09:08.375389
18274.0,2022-03-11 12:09:08.464246
18281.0,2022-03-11 12:09:08.553759
18302.0,2022-03-11 12:09:08.642861
18287.0,2022-03-11 12:09:08.731863
18349.0,2022-03-11 12:09:08.821372
18370.0,2022-03-11 12:09:08.910473
18387.0,2022-03-11 12:09:08.999458
18368.0,2022-03-11 12:09:09.088923
18339.0,2022-03-11 12:09:09.178021
18312.0,2022-03-11 12:09:09.267171
18316.0,2022-03-11 12:09:09.356352
18380.0,2022-03-11 12:09:09.445708
18382.0,2022-03-11 12:09:09.534747
18363.0,2022-03-11 12:09:09.623942
18358.0,2022-03-11 12:09:09.712814
18328.0,2022-03-11 12:09:09.801843
18331.0,2022-03-11 12:09:09.891517
18350.0,2022-03-11 12:09:09.980866
18336.0,2022-03-11 12:09:10.069991
18327.0,2022-03-11 12:09:10.159000
18391.0,2022-03-11 12:09:10.248030
18439.0,2022-03-11 12:09:10.337455
18414.0,2022-03-11 12:09:10.426272
18376.0,2022-03-11 12:09:10.515783
18439.0,2022-03-11 12:09:10.605028
18427.0,2022-03-11 12:09:10.694051
18401.0,2022-03-11 12:09:10.783092
18183.0,2022-03-11 12:09:10.872653
17927.0,2022-03-11 12:09:10.961774
17943.0,2022-03-11 12:09:11.050951
18005.0,2022-03-11 12:09:11.140309
18038.0,2022-03-11 12:09:11.229356
18030.0,2022-03-11 12:09:11.318387
18047.0,2022-03-11 12:09:11.407673
18099.0,2022-03-11 12:09:11.496847
18129.0,2022-03-11 12:09:11.584499
18125.0,2022-03-11 12:09:11.675397
18136.0,2022-03-11 12:09:11.764021
18126.0,2022-03-11 12:09:11.853527
18160.0,2022-03-11 12:09:11.942789
18144.0,2022-03-11 12:09:12.031574
18194.0,2022-03-11 12:09:12.121291
18226.0,2022-03-11 12:09:12.210316
18229.0,2022-03-11 12:09:12.299354
18266.0,2022-03-11 12:09:12.388380
18259.0,2022-03-11 12:09:12.478101
18296.0,2022-03-11 12:09:12.567058
18272.0,2022-03-11 12:09:12.656080
18253.0,2022-03-11 12:09:12.745642
18303.0,2022-03-11 12:09:12.834674
18319.0,2022-03-11 12:09:12.923704
18284.0,2022-03-11 12:09:13.012731
18278.0,2022-03-11 12:09:13.102438
18276.0,2022-03-11 12:09:13.191464
18337.0,2022-03-11 12:09:13.280583
18371.0,2022-03-11 12:09:13.369877
18354.0,2022-03-11 12:09:13.458423
18346.0,2022-03-11 12:09:13.548461
18402.0,2022-03-11 12:09:13.637516
18481.0,2022-03-11 12:09:13.726541
18483.0,2022-03-11 12:09:13.815825
18415.0,2022-03-11 12:09:13.903593
18406.0,2022-03-11 12:09:13.993638
18469.0,2022-03-11 12:09:14.083665
18476.0,2022-03-11 12:09:14.172685
18436.0,2022-03-11 12:09:14.261971
18401.0,2022-03-11 12:09:14.350998
18459.0,2022-03-11 12:09:14.440010
18434.0,2022-03-11 12:09:14.529027
18253.0,2022-03-11 12:09:14.618052
18112.0,2022-03-11 12:09:14.707683
18047.0,2022-03-11 12:09:14.796710
18047.0,2022-03-11 12:09:14.885731
18039.0,2022-03-11 12:09:14.975244
18078.0,2022-03-11 12:09:15.064485
18090.0,2022-03-11 12:09:15.152971
18097.0,2022-03-11 12:09:15.242996
18108.0,2022-03-11 12:09:15.332023
18150.0,2022-03-11 12:09:15.421297
18179.0,2022-03-11 12:09:15.510293
18185.0,2022-03-11 12:09:15.599488
18188.0,2022-03-11 12:09:15.688540
18212.0,2022-03-11 12:09:15.777494
18244.0,2022-03-11 12:09:15.866534
18281.0,2022-03-11 12:09:15.956347
18262.0,2022-03-11 12:09:16.045482
18302.0,2022-03-11 12:09:16.134225
18313.0,2022-03-11 12:09:16.223247
18380.0,2022-03-11 12:09:16.313241
18383.0,2022-03-11 12:09:16.402268
18349.0,2022-03-11 12:09:16.491309
18280.0,2022-03-11 12:09:16.580568
18132.0,2022-03-11 12:09:16.669361
18057.0,2022-03-11 12:09:16.759129
18080.0,2022-03-11 12:09:16.847987
18056.0,2022-03-11 12:09:16.937014
18056.0,2022-03-11 12:09:17.026633
18096.0,2022-03-11 12:09:17.115659
18121.0,2022-03-11 12:09:17.205006
18133.0,2022-03-11 12:09:17.294085
18174.0,2022-03-11 12:09:17.383109
18199.0,2022-03-11 12:09:17.472090
18194.0,2022-03-11 12:09:17.561598
18205.0,2022-03-11 12:09:17.650866
18217.0,2022-03-11 12:09:17.739990
18268.0,2022-03-11 12:09:17.828922
18296.0,2022-03-11 12:09:17.918573
18321.0,2022-03-11 12:09:18.007626
18310.0,2022-03-11 12:09:18.096648
18361.0,2022-03-11 12:09:18.185993
18385.0,2022-03-11 12:09:18.275176
18363.0,2022-03-11 12:09:18.364521
18251.0,2022-03-11 12:09:18.453604
18129.0,2022-03-11 12:09:18.542630
18086.0,2022-03-11 12:09:18.631654
18073.0,2022-03-11 12:09:18.720680
18121.0,2022-03-11 12:09:18.809997
18172.0,2022-03-11 12:09:18.899637
18161.0,2022-03-11 12:09:18.988282
18209.0,2022-03-11 12:09:19.077911
18199.0,2022-03-11 12:09:19.167084
18205.0,2022-03-11 12:09:19.256200
18147.0,2022-03-11 12:09:19.345431
18143.0,2022-03-11 12:09:19.434665
18229.0,2022-03-11 12:09:19.523711
18295.0,2022-03-11 12:09:19.612897
18310.0,2022-03-11 12:09:19.701730
18332.0,2022-03-11 12:09:19.790786
18295.0,2022-03-11 12:09:19.880631
18163.0,2022-03-11 12:09:19.969718
18163.0,2022-03-11 12:09:20.058958
18114.0,2022-03-11 12:09:20.147996
18114.0,2022-03-11 12:09:20.237014
18150.0,2022-03-11 12:09:20.326036
18185.0,2022-03-11 12:09:20.415634
18238.0,2022-03-11 12:09:20.504981
18255.0,2022-03-11 12:09:20.594008
18252.0,2022-03-11 12:09:20.683327
18331.0,2022-03-11 12:09:20.772356
18372.0,2022-03-11 12:09:20.861422
18338.0,2022-03-11 12:09:20.950711
18282.0,2022-03-11 12:09:21.039888
18174.0,2022-03-11 12:09:21.129076
18082.0,2022-03-11 12:09:21.217577
18053.0,2022-03-11 12:09:21.307571
18122.0,2022-03-11 12:09:21.396610
18126.0,2022-03-11 12:09:21.485663
18145.0,2022-03-11 12:09:21.574685
18165.0,2022-03-11 12:09:21.664160
18170.0,2022-03-11 12:09:21.753341
18227.0,2022-03-11 12:09:21.842016
18260.0,2022-03-11 12:09:21.931975
18281.0,2022-03-11 12:09:22.020846
18227.0,2022-03-11 12:09:22.109115
18227.0,2022-03-11 12:09:22.199251
18193.0,2022-03-11 12:09:22.288600
18175.0,2022-03-11 12:09:22.377663
18088.0,2022-03-11 12:09:22.466619
18068.0,2022-03-11 12:09:22.555642
18183.0,2022-03-11 12:09:22.645021
18115.0,2022-03-11 12:09:22.734319
18138.0,2022-03-11 12:09:22.823371
18246.0,2022-03-11 12:09:22.912832
18249.0,2022-03-11 12:09:23.001874
18186.0,2022-03-11 12:09:23.090861
18103.0,2022-03-11 12:09:23.180207
18058.0,2022-03-11 12:09:23.268688
18102.0,2022-03-11 12:09:23.358721
18193.0,2022-03-11 12:09:23.447727
18154.0,2022-03-11 12:09:23.536751
18069.0,2022-03-11 12:09:23.624772
18114.0,2022-03-11 12:09:23.715012
18211.0,2022-03-11 12:09:23.804432
18218.0,2022-03-11 12:09:23.893780
18225.0,2022-03-11 12:09:23.982790
18208.0,2022-03-11 12:09:24.071798
18172.0,2022-03-11 12:09:24.160815
18143.0,2022-03-11 12:09:24.249837
18135.0,2022-03-11 12:09:24.339492
18135.0,2022-03-11 12:09:24.428825
18213.0,2022-03-11 12:09:24.517848
18287.0,2022-03-11 12:09:24.606873
18257.0,2022-03-11 12:09:24.696033
18202.0,2022-03-11 12:09:24.784956
18166.0,2022-03-11 12:09:24.873983
18110.0,2022-03-11 12:09:24.963945
18151.0,2022-03-11 12:09:25.053079
18193.0,2022-03-11 12:09:25.142278
18220.0,2022-03-11 12:09:25.231345
18238.0,2022-03-11 12:09:25.320695
18194.0,2022-03-11 12:09:25.409685
18126.0,2022-03-11 12:09:25.498706
18115.0,2022-03-11 12:09:25.587173
18128.0,2022-03-11 12:09:25.677438
18116.0,2022-03-11 12:09:25.766543
18090.0,2022-03-11 12:09:25.855668
18102.0,2022-03-11 12:09:25.944595
18207.0,2022-03-11 12:09:26.034042
18191.0,2022-03-11 12:09:26.123401
18091.0,2022-03-11 12:09:26.212443
18062.0,2022-03-11 12:09:26.301795
18120.0,2022-03-11 12:09:26.390796
18042.0,2022-03-11 12:09:26.479841
18046.0,2022-03-11 12:09:26.568864
18141.0,2022-03-11 12:09:26.658531
18200.0,2022-03-11 12:09:26.747556
18229.0,2022-03-11 12:09:26.836596
18169.0,2022-03-11 12:09:26.926082
18116.0,2022-03-11 12:09:27.015107
18131.0,2022-03-11 12:09:27.104129
18147.0,2022-03-11 12:09:27.193286
18121.0,2022-03-11 12:09:27.282801
18083.0,2022-03-11 12:09:27.371802
18123.0,2022-03-11 12:09:27.460854
18224.0,2022-03-11 12:09:27.550341
18204.0,2022-03-11 12:09:27.639377
18136.0,2022-03-11 12:09:27.728417
18114.0,2022-03-11 12:09:27.817878
18133.0,2022-03-11 12:09:27.906912
18138.0,2022-03-11 12:09:27.994937
18193.0,2022-03-11 12:09:28.084975
18215.0,2022-03-11 12:09:28.173996
18172.0,2022-03-11 12:09:28.263056
18154.0,2022-03-11 12:09:28.352804
18177.0,2022-03-11 12:09:28.442057
18156.0,2022-03-11 12:09:28.531458
18125.0,2022-03-11 12:09:28.620314
18125.0,2022-03-11 12:09:28.709324
18123.0,2022-03-11 12:09:28.798352
18123.0,2022-03-11 12:09:28.887967
18175.0,2022-03-11 12:09:28.977379
18231.0,2022-03-11 12:09:29.066422
18181.0,2022-03-11 12:09:29.155737
18158.0,2022-03-11 12:09:29.244799
18186.0,2022-03-11 12:09:29.333838
18108.0,2022-03-11 12:09:29.423099
18057.0,2022-03-11 12:09:29.512336
18138.0,2022-03-11 12:09:29.601346
18205.0,2022-03-11 12:09:29.690368
18144.0,2022-03-11 12:09:29.779827
18119.0,2022-03-11 12:09:29.868427
18123.0,2022-03-11 12:09:29.957451
18096.0,2022-03-11 12:09:30.047383
18142.0,2022-03-11 12:09:30.136570
18163.0,2022-03-11 12:09:30.225917
18088.0,2022-03-11 12:09:30.314955
18101.0,2022-03-11 12:09:30.404323
18155.0,2022-03-11 12:09:30.493072
18158.0,2022-03-11 12:09:30.582099
18175.0,2022-03-11 12:09:30.671125
18115.0,2022-03-11 12:09:30.761071
18065.0,2022-03-11 12:09:30.850103
18068.0,2022-03-11 12:09:30.939087
18110.0,2022-03-11 12:09:31.028646
18134.0,2022-03-11 12:09:31.117669
18092.0,2022-03-11 12:09:31.206694
18158.0,2022-03-11 12:09:31.296222
18170.0,2022-03-11 12:09:31.385299
18181.0,2022-03-11 12:09:31.474615
18150.0,2022-03-11 12:09:31.563703
18054.0,2022-03-11 12:09:31.652716
18059.0,2022-03-11 12:09:31.742059
18114.0,2022-03-11 12:09:31.830747
18169.0,2022-03-11 12:09:31.920446
18115.0,2022-03-11 12:09:32.009798
18113.0,2022-03-11 12:09:32.099011
18095.0,2022-03-11 12:09:32.188042
18153.0,2022-03-11 12:09:32.277081
18202.0,2022-03-11 12:09:32.366111
18150.0,2022-03-11 12:09:32.455602
18162.0,2022-03-11 12:09:32.544122
18185.0,2022-03-11 12:09:32.633969
18162.0,2022-03-11 12:09:32.723354
18103.0,2022-03-11 12:09:32.812393
17996.0,2022-03-11 12:09:32.901719
18069.0,2022-03-11 12:09:32.990815
18109.0,2022-03-11 12:09:33.080111
18097.0,2022-03-11 12:09:33.169168
18075.0,2022-03-11 12:09:33.258226
18098.0,2022-03-11 12:09:33.347247
18153.0,2022-03-11 12:09:33.436274
18164.0,2022-03-11 12:09:33.525975
18164.0,2022-03-11 12:09:33.614187
18133.0,2022-03-11 12:09:33.704518
18104.0,2022-03-11 12:09:33.793549
18149.0,2022-03-11 12:09:33.882586
18062.0,2022-03-11 12:09:33.971926
18020.0,2022-03-11 12:09:34.060626
18085.0,2022-03-11 12:09:34.149649
18115.0,2022-03-11 12:09:34.239577
18111.0,2022-03-11 12:09:34.328860
18132.0,2022-03-11 12:09:34.417889
18133.0,2022-03-11 12:09:34.506913
18047.0,2022-03-11 12:09:34.596296
18038.0,2022-03-11 12:09:34.685686
18082.0,2022-03-11 12:09:34.774858
18134.0,2022-03-11 12:09:34.863877
18130.0,2022-03-11 12:09:34.953085
18169.0,2022-03-11 12:09:35.042121
18115.0,2022-03-11 12:09:35.131146
18031.0,2022-03-11 12:09:35.220154
18077.0,2022-03-11 12:09:35.309999
18126.0,2022-03-11 12:09:35.399022
18122.0,2022-03-11 12:09:35.488046
18111.0,2022-03-11 12:09:35.577066
18107.0,2022-03-11 12:09:35.666102
18091.0,2022-03-11 12:09:35.755793
18053.0,2022-03-11 12:09:35.844894
18144.0,2022-03-11 12:09:35.932701
18176.0,2022-03-11 12:09:36.022716
18066.0,2022-03-11 12:09:36.112740
18055.0,2022-03-11 12:09:36.201427
18115.0,2022-03-11 12:09:36.290941
18171.0,2022-03-11 12:09:36.380302
18177.0,2022-03-11 12:09:36.469341
18187.0,2022-03-11 12:09:36.558378
18128.0,2022-03-11 12:09:36.647220
18095.0,2022-03-11 12:09:36.736245
18089.0,2022-03-11 12:09:36.826273
17991.0,2022-03-11 12:09:36.915295
17832.0,2022-03-11 12:09:37.004675
17594.0,2022-03-11 12:09:37.093679
17341.0,2022-03-11 12:09:37.182714
17255.0,2022-03-11 12:09:37.271728
17207.0,2022-03-11 12:09:37.361122
17021.0,2022-03-11 12:09:37.450481
16950.0,2022-03-11 12:09:37.539175
16965.0,2022-03-11 12:09:37.629021
16940.0,2022-03-11 12:09:37.718054
16881.0,2022-03-11 12:09:37.807212
16871.0,2022-03-11 12:09:37.896104
16877.0,2022-03-11 12:09:37.985558
16929.0,2022-03-11 12:09:38.074171
17037.0,2022-03-11 12:09:38.163805
17031.0,2022-03-11 12:09:38.253118
17693.0,2022-03-11 12:09:38.342435
19034.0,2022-03-11 12:09:38.431357
15781.0,2022-03-11 12:09:38.520394
14700.0,2022-03-11 12:09:38.609872
14617.0,2022-03-11 12:09:38.698988
14621.0,2022-03-11 12:09:38.788121
14617.0,2022-03-11 12:09:38.876737
14587.0,2022-03-11 12:09:38.966705
14560.0,2022-03-11 12:09:39.055735
14639.0,2022-03-11 12:09:39.144777
14651.0,2022-03-11 12:09:39.233796
14586.0,2022-03-11 12:09:39.323446
14604.0,2022-03-11 12:09:39.411887
14608.0,2022-03-11 12:09:39.501901
14597.0,2022-03-11 12:09:39.591129
14573.0,2022-03-11 12:09:39.680169
14569.0,2022-03-11 12:09:39.769402
14593.0,2022-03-11 12:09:39.858427
14578.0,2022-03-11 12:09:39.947738
14590.0,2022-03-11 12:09:40.036751
14594.0,2022-03-11 12:09:40.125777
14559.0,2022-03-11 12:09:40.215132
14586.0,2022-03-11 12:09:40.303796
14592.0,2022-03-11 12:09:40.392824
14588.0,2022-03-11 12:09:40.482896
14566.0,2022-03-11 12:09:40.571932
14573.0,2022-03-11 12:09:40.660969
14565.0,2022-03-11 12:09:40.749986
14627.0,2022-03-11 12:09:40.839386
14599.0,2022-03-11 12:09:40.928747
14560.0,2022-03-11 12:09:41.017773
14563.0,2022-03-11 12:09:41.107087
14528.0,2022-03-11 12:09:41.196194
14581.0,2022-03-11 12:09:41.285216
14597.0,2022-03-11 12:09:41.374496
14569.0,2022-03-11 12:09:41.463729
14620.0,2022-03-11 12:09:41.552849
14660.0,2022-03-11 12:09:41.642093
14568.0,2022-03-11 12:09:41.730422
14561.0,2022-03-11 12:09:41.820446
14623.0,2022-03-11 12:09:41.909463
14669.0,2022-03-11 12:09:41.998287
14613.0,2022-03-11 12:09:42.088082
14520.0,2022-03-11 12:09:42.177126
14521.0,2022-03-11 12:09:42.266437
14578.0,2022-03-11 12:09:42.355509
14553.0,2022-03-11 12:09:42.444549
14567.0,2022-03-11 12:09:42.533532
14568.0,2022-03-11 12:09:42.622557
14591.0,2022-03-11 12:09:42.711582
14602.0,2022-03-11 12:09:42.801486
14601.0,2022-03-11 12:09:42.890525
14632.0,2022-03-11 12:09:42.979545
14605.0,2022-03-11 12:09:43.068583
14633.0,2022-03-11 12:09:43.157971
14611.0,2022-03-11 12:09:43.246980
14604.0,2022-03-11 12:09:43.336519
14628.0,2022-03-11 12:09:43.425414
14646.0,2022-03-11 12:09:43.514414
14603.0,2022-03-11 12:09:43.603931
14633.0,2022-03-11 12:09:43.693134
14581.0,2022-03-11 12:09:43.782444
14589.0,2022-03-11 12:09:43.871484
14652.0,2022-03-11 12:09:43.960815
14579.0,2022-03-11 12:09:44.049840
14541.0,2022-03-11 12:09:44.138870
14551.0,2022-03-11 12:09:44.227431
14572.0,2022-03-11 12:09:44.317469
14558.0,2022-03-11 12:09:44.406736
14589.0,2022-03-11 12:09:44.495765
14612.0,2022-03-11 12:09:44.585117
14543.0,2022-03-11 12:09:44.674154
14593.0,2022-03-11 12:09:44.763175
14621.0,2022-03-11 12:09:44.852467
14660.0,2022-03-11 12:09:44.941653
14653.0,2022-03-11 12:09:45.030476
14599.0,2022-03-11 12:09:45.120038
14574.0,2022-03-11 12:09:45.208540
14619.0,2022-03-11 12:09:45.298564
14676.0,2022-03-11 12:09:45.387569
15250.0,2022-03-11 12:09:45.476799
15073.0,2022-03-11 12:09:45.565658
14619.0,2022-03-11 12:09:45.655164
14603.0,2022-03-11 12:09:45.744180
14597.0,2022-03-11 12:09:45.833220
14621.0,2022-03-11 12:09:45.922714
14532.0,2022-03-11 12:09:46.011492
14540.0,2022-03-11 12:09:46.101318
14621.0,2022-03-11 12:09:46.189264
14607.0,2022-03-11 12:09:46.279593
14576.0,2022-03-11 12:09:46.368584
14563.0,2022-03-11 12:09:46.457710
14538.0,2022-03-11 12:09:46.546977
14559.0,2022-03-11 12:09:46.636308
14575.0,2022-03-11 12:09:46.725316
14572.0,2022-03-11 12:09:46.814506
14515.0,2022-03-11 12:09:46.903700
14550.0,2022-03-11 12:09:46.992727
14580.0,2022-03-11 12:09:47.081755
14544.0,2022-03-11 12:09:47.171451
14563.0,2022-03-11 12:09:47.260542
14536.0,2022-03-11 12:09:47.349820
14460.0,2022-03-11 12:09:47.438869
14575.0,2022-03-11 12:09:47.527893
14628.0,2022-03-11 12:09:47.617234
14538.0,2022-03-11 12:09:47.706495
14582.0,2022-03-11 12:09:47.795859
14623.0,2022-03-11 12:09:47.884178
14517.0,2022-03-11 12:09:47.974204
14522.0,2022-03-11 12:09:48.063451
14523.0,2022-03-11 12:09:48.152485
14490.0,2022-03-11 12:09:48.241511
14499.0,2022-03-11 12:09:48.331039
14516.0,2022-03-11 12:09:48.420070
14568.0,2022-03-11 12:09:48.509455
14593.0,2022-03-11 12:09:48.598497
14640.0,2022-03-11 12:09:48.687519
14607.0,2022-03-11 12:09:48.776917
14582.0,2022-03-11 12:09:48.865594
14522.0,2022-03-11 12:09:48.954634
14490.0,2022-03-11 12:09:49.044185
14503.0,2022-03-11 12:09:49.133864
14557.0,2022-03-11 12:09:49.222890
14553.0,2022-03-11 12:09:49.312073
14551.0,2022-03-11 12:09:49.400472
14566.0,2022-03-11 12:09:49.490449
14571.0,2022-03-11 12:09:49.579815
14584.0,2022-03-11 12:09:49.668844
14597.0,2022-03-11 12:09:49.758239
14591.0,2022-03-11 12:09:49.847264
14560.0,2022-03-11 12:09:49.936219
14611.0,2022-03-11 12:09:50.025589
14549.0,2022-03-11 12:09:50.114970
14575.0,2022-03-11 12:09:50.204018
14570.0,2022-03-11 12:09:50.293381
14515.0,2022-03-11 12:09:50.382405
14555.0,2022-03-11 12:09:50.471427
14615.0,2022-03-11 12:09:50.560947
14578.0,2022-03-11 12:09:50.649952
14568.0,2022-03-11 12:09:50.739103
14528.0,2022-03-11 12:09:50.828196
14553.0,2022-03-11 12:09:50.917301
14568.0,2022-03-11 12:09:51.006339
14588.0,2022-03-11 12:09:51.096074
14536.0,2022-03-11 12:09:51.185102
14572.0,2022-03-11 12:09:51.273296
14589.0,2022-03-11 12:09:51.363596
14636.0,2022-03-11 12:09:51.452621
14644.0,2022-03-11 12:09:51.541662
14583.0,2022-03-11 12:09:51.630972
14576.0,2022-03-11 12:09:51.719752
14584.0,2022-03-11 12:09:51.808765
14608.0,2022-03-11 12:09:51.898203
14659.0,2022-03-11 12:09:51.987818
14569.0,2022-03-11 12:09:52.077065
14509.0,2022-03-11 12:09:52.166101
14530.0,2022-03-11 12:09:52.255459
14569.0,2022-03-11 12:09:52.344220
14581.0,2022-03-11 12:09:52.433611
14601.0,2022-03-11 12:09:52.522979
14599.0,2022-03-11 12:09:52.612008
14558.0,2022-03-11 12:09:52.701021
14553.0,2022-03-11 12:09:52.790549
14561.0,2022-03-11 12:09:52.879568
14575.0,2022-03-11 12:09:52.968572
14587.0,2022-03-11 12:09:53.057944
14596.0,2022-03-11 12:09:53.146642
14572.0,2022-03-11 12:09:53.236509
14562.0,2022-03-11 12:09:53.325424
14624.0,2022-03-11 12:09:53.414447
14596.0,2022-03-11 12:09:53.504063
14505.0,2022-03-11 12:09:53.592364
14512.0,2022-03-11 12:09:53.682362
14567.0,2022-03-11 12:09:53.771644
14608.0,2022-03-11 12:09:53.860675
14640.0,2022-03-11 12:09:53.949218
14594.0,2022-03-11 12:09:54.039248
14569.0,2022-03-11 12:09:54.128219
14532.0,2022-03-11 12:09:54.217606
14550.0,2022-03-11 12:09:54.306658
14590.0,2022-03-11 12:09:54.395458
14570.0,2022-03-11 12:09:54.485081
14539.0,2022-03-11 12:09:54.574359
14592.0,2022-03-11 12:09:54.663466
14563.0,2022-03-11 12:09:54.752742
14582.0,2022-03-11 12:09:54.841778
14593.0,2022-03-11 12:09:54.930834
14591.0,2022-03-11 12:09:55.020205
14584.0,2022-03-11 12:09:55.109341
14610.0,2022-03-11 12:09:55.198697
14621.0,2022-03-11 12:09:55.287782
14597.0,2022-03-11 12:09:55.376811
14556.0,2022-03-11 12:09:55.466171
14519.0,2022-03-11 12:09:55.554324
14499.0,2022-03-11 12:09:55.644645
14552.0,2022-03-11 12:09:55.733684
14587.0,2022-03-11 12:09:55.823023
14620.0,2022-03-11 12:09:55.912026
14598.0,2022-03-11 12:09:56.001396
14573.0,2022-03-11 12:09:56.090420
14584.0,2022-03-11 12:09:56.179597
14613.0,2022-03-11 12:09:56.268470
14571.0,2022-03-11 12:09:56.357518
14586.0,2022-03-11 12:09:56.447111
14554.0,2022-03-11 12:09:56.536542
14539.0,2022-03-11 12:09:56.625572
14526.0,2022-03-11 12:09:56.714693
14591.0,2022-03-11 12:09:56.804038
14529.0,2022-03-11 12:09:56.893071
14545.0,2022-03-11 12:09:56.982132
14586.0,2022-03-11 12:09:57.071427
14577.0,2022-03-11 12:09:57.160184
14595.0,2022-03-11 12:09:57.249803
14599.0,2022-03-11 12:09:57.338902
14583.0,2022-03-11 12:09:57.428221
14618.0,2022-03-11 12:09:57.517532
14617.0,2022-03-11 12:09:57.606238
14579.0,2022-03-11 12:09:57.695741
14551.0,2022-03-11 12:09:57.784737
14581.0,2022-03-11 12:09:57.874154
14613.0,2022-03-11 12:09:57.963017
14589.0,2022-03-11 12:09:58.052043
14543.0,2022-03-11 12:09:58.141874
14621.0,2022-03-11 12:09:58.230974
14634.0,2022-03-11 12:09:58.319990
14608.0,2022-03-11 12:09:58.408525
14603.0,2022-03-11 12:09:58.498547
14610.0,2022-03-11 12:09:58.587568
14612.0,2022-03-11 12:09:58.676854
14581.0,2022-03-11 12:09:58.766062
14516.0,2022-03-11 12:09:58.854899
14551.0,2022-03-11 12:09:58.943920
14599.0,2022-03-11 12:09:59.032945
14556.0,2022-03-11 12:09:59.122722
14548.0,2022-03-11 12:09:59.212115
14582.0,2022-03-11 12:09:59.301137
14621.0,2022-03-11 12:09:59.390158
14562.0,2022-03-11 12:09:59.479177
14577.0,2022-03-11 12:09:59.568203
14553.0,2022-03-11 12:09:59.657836
14564.0,2022-03-11 12:09:59.747196
14613.0,2022-03-11 12:09:59.836220
14590.0,2022-03-11 12:09:59.925248
14550.0,2022-03-11 12:10:00.014268
14540.0,2022-03-11 12:10:00.103292
14543.0,2022-03-11 12:10:00.192313
14569.0,2022-03-11 12:10:00.282160
14539.0,2022-03-11 12:10:00.371187
14515.0,2022-03-11 12:10:00.460663
14557.0,2022-03-11 12:10:00.549698
14615.0,2022-03-11 12:10:00.638742
14567.0,2022-03-11 12:10:00.728056
14560.0,2022-03-11 12:10:00.817107
14550.0,2022-03-11 12:10:00.906548
14624.0,2022-03-11 12:10:00.995629
14601.0,2022-03-11 12:10:01.084651
14614.0,2022-03-11 12:10:01.173672
14599.0,2022-03-11 12:10:01.262697
14557.0,2022-03-11 12:10:01.352457
14577.0,2022-03-11 12:10:01.441515
14588.0,2022-03-11 12:10:01.530622
14565.0,2022-03-11 12:10:01.619802
14623.0,2022-03-11 12:10:01.708609
14623.0,2022-03-11 12:10:01.798083
14534.0,2022-03-11 12:10:01.887515
14571.0,2022-03-11 12:10:01.976580
14642.0,2022-03-11 12:10:02.065680
14606.0,2022-03-11 12:10:02.154629
14549.0,2022-03-11 12:10:02.243650
14580.0,2022-03-11 12:10:02.333250
14598.0,2022-03-11 12:10:02.422589
14632.0,2022-03-11 12:10:02.511617
14627.0,2022-03-11 12:10:02.600809
14591.0,2022-03-11 12:10:02.690166
14567.0,2022-03-11 12:10:02.778712
14565.0,2022-03-11 12:10:02.868133
14585.0,2022-03-11 12:10:02.957619
14581.0,2022-03-11 12:10:03.046186
14603.0,2022-03-11 12:10:03.136190
14629.0,2022-03-11 12:10:03.225255
14613.0,2022-03-11 12:10:03.314277
14529.0,2022-03-11 12:10:03.403298
14529.0,2022-03-11 12:10:03.492348
14572.0,2022-03-11 12:10:03.581373
14545.0,2022-03-11 12:10:03.671399
14607.0,2022-03-11 12:10:03.760602
14623.0,2022-03-11 12:10:03.849671
14578.0,2022-03-11 12:10:03.939008
14535.0,2022-03-11 12:10:04.028036
14551.0,2022-03-11 12:10:04.117193
14609.0,2022-03-11 12:10:04.206091
14638.0,2022-03-11 12:10:04.295613
14578.0,2022-03-11 12:10:04.384883
14503.0,2022-03-11 12:10:04.473906
14480.0,2022-03-11 12:10:04.562944
14560.0,2022-03-11 12:10:04.652366
14592.0,2022-03-11 12:10:04.741516
14624.0,2022-03-11 12:10:04.830873
14582.0,2022-03-11 12:10:04.919961
14579.0,2022-03-11 12:10:05.009015
14580.0,2022-03-11 12:10:05.098050
14564.0,2022-03-11 12:10:05.187287
14557.0,2022-03-11 12:10:05.276706
14513.0,2022-03-11 12:10:05.365992
14502.0,2022-03-11 12:10:05.455103
14600.0,2022-03-11 12:10:05.544125
14664.0,2022-03-11 12:10:05.633152
14585.0,2022-03-11 12:10:05.722226
14550.0,2022-03-11 12:10:05.811782
14564.0,2022-03-11 12:10:05.901130
14615.0,2022-03-11 12:10:05.990249
14598.0,2022-03-11 12:10:06.079273
14587.0,2022-03-11 12:10:06.168704
14626.0,2022-03-11 12:10:06.257781
14626.0,2022-03-11 12:10:06.346808
14564.0,2022-03-11 12:10:06.435838
14528.0,2022-03-11 12:10:06.524877
14514.0,2022-03-11 12:10:06.614653
14597.0,2022-03-11 12:10:06.703663
14600.0,2022-03-11 12:10:06.792732
14563.0,2022-03-11 12:10:06.881682
14609.0,2022-03-11 12:10:06.970725
14629.0,2022-03-11 12:10:07.060466
14601.0,2022-03-11 12:10:07.149596
14584.0,2022-03-11 12:10:07.238526
14532.0,2022-03-11 12:10:07.327551
14575.0,2022-03-11 12:10:07.416824
14593.0,2022-03-11 12:10:07.506290
14646.0,2022-03-11 12:10:07.595715
14594.0,2022-03-11 12:10:07.684732
14593.0,2022-03-11 12:10:07.773911
14589.0,2022-03-11 12:10:07.863271
14591.0,2022-03-11 12:10:07.952105
14551.0,2022-03-11 12:10:08.041130
14556.0,2022-03-11 12:10:08.130328
14567.0,2022-03-11 12:10:08.219354
14600.0,2022-03-11 12:10:08.308969
14625.0,2022-03-11 12:10:08.398287
14582.0,2022-03-11 12:10:08.487312
14574.0,2022-03-11 12:10:08.576351
14603.0,2022-03-11 12:10:08.665654
14622.0,2022-03-11 12:10:08.754998
14569.0,2022-03-11 12:10:08.844024
14546.0,2022-03-11 12:10:08.933050
14548.0,2022-03-11 12:10:09.022074
14575.0,2022-03-11 12:10:09.111096
14554.0,2022-03-11 12:10:09.200126
14490.0,2022-03-11 12:10:09.290076
14504.0,2022-03-11 12:10:09.379152
14530.0,2022-03-11 12:10:09.468232
14616.0,2022-03-11 12:10:09.557248
14603.0,2022-03-11 12:10:09.646287
14597.0,2022-03-11 12:10:09.735786
14601.0,2022-03-11 12:10:09.825132
14567.0,2022-03-11 12:10:09.914132
14517.0,2022-03-11 12:10:10.003468
14511.0,2022-03-11 12:10:10.091964
